id,location_id,accessibility,details
136,136,"",
143,143,Handicap accessible,
144,144,Handicap accessible,
145,145,"",
147,147,Handicap accessible,
149,149,Handicap accessible,
150,150,Handicap accessible,
151,151,Handicap accessible,
152,152,Handicap accessible,
156,156,Handicap accessible,
158,158,Handicap accessible,
160,160,Handicap accessible,
161,161,Handicap accessible,
163,163,Handicap accessible,
164,164,"",
165,165,"",
166,166,"",
170,170,Handicap accessible,
171,171,Handicap accessible,
172,172,Handicap accessible,
173,173,Handicap accessible,
174,174,Handicap accessible,
175,175,Handicap accessible,
176,176,Handicap accessible,
181,181,"",
182,182,"",
183,183,"",
184,184,"",
185,185,"",
187,187,"",
189,189,"",
190,190,"",
192,192,"",
197,197,"",
199,199,"",
201,201,"",
203,203,Handicap accessible,
206,206,"",
207,207,"",
208,208,"",
210,210,"",
211,211,Handicap accessible,
212,212,"",
213,213,"",
214,214,"",
215,215,"",
216,216,"",
217,217,"",
218,218,"",
221,221,Handicap accessible,
225,225,"",
227,227,"",
231,231,"",
235,235,"",
236,236,"",
237,237,Handicap accessible,
238,238,Handicap accessible,
241,241,Handicap accessible,
242,242,Handicap accessible,
246,246,"",
292,292,"",
294,294,Handicap accessible,
296,296,"",
298,298,"",
303,303,Handicap accessible,
308,308,Handicap accessible,
310,310,"",
311,311,"",
312,312,"",
314,314,"",
467,467,"",
468,468,"",
470,470,"",
471,471,"",
472,472,"",
473,473,"",
474,474,"",
475,475,"",
480,480,Handicap accessible,
481,481,"",
482,482,Handicap accessible,
483,483,"",
484,484,"",
485,485,"",
490,490,"",
492,492,"",
499,499,Handicap accessible,
501,501,"",
503,503,"",
504,504,"",
505,505,"",
506,506,"",
507,507,"",
508,508,"",
509,509,"",
510,510,"",
513,513,Handicap accessible,
514,514,Handicap accessible,
515,515,Handicap accessible,
526,526,Handicap accessible,
527,527,Handicap accessible,
528,528,"",
529,529,"",
530,530,"",
531,531,"",
532,532,"",
533,533,Handicap accessible,
534,534,Handicap accessible,
535,535,Handicap accessible,
536,536,Handicap accessible,
537,537,Handicap accessible,
539,539,Handicap accessible,
541,541,"",
542,542,"",
543,543,"",
545,545,"",
546,546,"",
547,547,Handicap accessible,
553,553,Handicap accessible,
554,554,Handicap accessible,
560,560,"",
561,561,"",
562,562,"",
564,564,Handicap accessible,
566,566,"",
576,576,Handicap accessible,
578,578,Handicap accessible,
579,579,Handicap accessible,
580,580,Handicap accessible,
583,583,"",
587,587,"",
593,593,"",
594,594,Handicap accessible,
750,750,Handicap accessible,
752,752,Handicap accessible,
753,753,Handicap accessible,
754,754,Handicap accessible,
759,759,Handicap accessible,
760,760,Handicap accessible,
761,761,Handicap accessible,
762,762,Handicap accessible,
763,763,Handicap accessible,
764,764,Handicap accessible,
766,766,Handicap accessible,
767,767,Handicap accessible,
768,768,Handicap accessible,
769,769,Handicap accessible,
770,770,Handicap accessible,
771,771,"",
772,772,Handicap accessible,
773,773,Handicap accessible,
775,775,"",
777,777,Handicap accessible,
788,788,Handicap accessible,
789,789,Handicap accessible,
790,790,"",
791,791,"",
792,792,Handicap accessible,
793,793,Handicap accessible,
794,794,Handicap accessible,
795,795,Handicap accessible,
796,796,Handicap accessible,
797,797,Handicap accessible,
798,798,"",
799,799,Handicap accessible,
800,800,"",
802,802,Handicap accessible,
803,803,"",
804,804,Handicap accessible,
805,805,"",
808,808,"",
811,811,"",
813,813,"",
815,815,"",
816,816,"",
818,818,"",
819,819,"",
834,834,Handicap accessible,
835,835,Handicap accessible,
837,837,Handicap accessible,
840,840,Handicap accessible,
841,841,Handicap accessible,
844,844,Handicap accessible,
846,846,Handicap accessible,
849,849,"",
850,850,Handicap accessible,
851,851,Handicap accessible,
854,854,"",
857,857,Handicap accessible,
858,858,Handicap accessible,
859,859,Handicap accessible,
860,860,Handicap accessible,
861,861,Handicap accessible,
863,863,Handicap accessible,
864,864,Handicap accessible,
869,869,Handicap accessible,
870,870,Handicap accessible,
871,871,Handicap accessible,
872,872,Handicap accessible,
873,873,Handicap accessible,
985,985,"",
986,986,"",
991,991,"",
997,997,"",
998,998,"",
999,999,"",
1001,1001,Handicap accessible,
1002,1002,Handicap accessible,
1003,1003,"",
1004,1004,"",
1005,1005,"",
1006,1006,"",
1007,1007,"",
1009,1009,"",
1012,1012,Handicap accessible,
1013,1013,Handicap accessible,
1014,1014,"",
1015,1015,"",
1016,1016,"",
1017,1017,"",
1019,1019,"",
1020,1020,"",
1021,1021,"",
1022,1022,"",
1025,1025,"",
1026,1026,"",
1027,1027,"",
1032,1032,"",
1035,1035,"",
1036,1036,"",
1037,1037,"",
1052,1052,"",
1054,1054,"",
1056,1056,"",
1057,1057,Handicap accessible,
1058,1058,Handicap accessible,
1063,1063,"",
1065,1065,Handicap accessible,
1066,1066,Handicap accessible,
1071,1071,Handicap accessible,
1072,1072,Handicap accessible,
1073,1073,Handicap accessible,
1074,1074,Handicap accessible,
1075,1075,Handicap accessible,
1076,1076,Handicap accessible,
1077,1077,Handicap accessible,
1078,1078,"",
1080,1080,Handicap accessible,
1083,1083,"",
1087,1087,"",
1088,1088,"",
1095,1095,"",
1096,1096,"",
1097,1097,"",
1098,1098,"",
1099,1099,"",
1100,1100,"",
1101,1101,"",
1102,1102,"",
1103,1103,"",
1104,1104,"",
1272,1272,"",
1273,1273,"",
1274,1274,Handicap accessible,
1276,1276,"",
1278,1278,"",
1280,1280,"",
1289,1289,"",
1290,1290,"",
1291,1291,"",
1292,1292,"",
1295,1295,"",
1296,1296,"",
1297,1297,"",
1298,1298,"",
1299,1299,"",
1301,1301,Handicap accessible,
1306,1306,"",
1308,1308,"",
1309,1309,"",
1310,1310,Handicap accessible,
1311,1311,Handicap accessible,
1312,1312,Handicap accessible,
1313,1313,Handicap accessible,
1316,1316,Handicap accessible,
1317,1317,Handicap accessible,
1318,1318,Handicap accessible,
1319,1319,Handicap accessible,
1322,1322,Handicap accessible,
1323,1323,Handicap accessible,
1326,1326,"",
1333,1333,Handicap accessible,
1334,1334,"",
1335,1335,Handicap accessible,
1336,1336,"",
1337,1337,Handicap accessible,
1338,1338,Handicap accessible,
1339,1339,Handicap accessible,
1342,1342,Handicap accessible,
1343,1343,"",
1344,1344,"",
1348,1348,"",
1349,1349,"",
1351,1351,"",
1352,1352,"",
1353,1353,"",
1355,1355,"",
1356,1356,"",
1357,1357,"",
1358,1358,"",
1359,1359,"",
1360,1360,"",
1361,1361,"",
1362,1362,"",
1365,1365,Handicap accessible,
1367,1367,Handicap accessible,
1368,1368,"",
1372,1372,"",
1373,1373,"",
1375,1375,"",
1376,1376,Handicap accessible,
1378,1378,Handicap accessible,
1379,1379,"",
1380,1380,"",
1381,1381,"",
1384,1384,"",
1385,1385,"",
1556,1556,"",
1557,1557,"",
1558,1558,"",
1559,1559,"",
1561,1561,"",
1562,1562,"",
1563,1563,"",
1571,1571,"",
1588,1588,Handicap accessible,
1590,1590,Handicap accessible,
1591,1591,Handicap accessible,
1592,1592,Handicap accessible,
1593,1593,Handicap accessible,
1594,1594,Handicap accessible,
1595,1595,Handicap accessible,
1596,1596,Handicap accessible,
1599,1599,"",
1600,1600,"",
1603,1603,"",
1605,1605,Handicap accessible,
1606,1606,Handicap accessible,
1607,1607,"",
1608,1608,"",
1609,1609,Handicap accessible,
1613,1613,"",
1650,1650,"",
1652,1652,"",
1654,1654,"",
1656,1656,Handicap accessible,
1657,1657,"",
1658,1658,Handicap accessible,
1659,1659,"",
1660,1660,"",
1666,1666,Handicap accessible,
1668,1668,Handicap accessible,
1669,1669,"",
1670,1670,Handicap accessible,
1673,1673,Handicap accessible,
1674,1674,Handicap accessible,
1675,1675,Handicap accessible,
1677,1677,Handicap accessible,
1678,1678,Handicap accessible,
1679,1679,Handicap accessible,
1681,1681,Handicap accessible,
1682,1682,Handicap accessible,
1684,1684,"",
1689,1689,"",
1694,1694,"",
1712,1712,"",
1713,1713,"",
1715,1715,Handicap accessible,
1719,1719,"",
1720,1720,"",
1858,1858,"",
1859,1859,"",
1860,1860,Handicap accessible,
1864,1864,"",
1865,1865,"",
1867,1867,"",
1868,1868,Handicap accessible,
1869,1869,Handicap accessible,
1883,1883,"",
1885,1885,"",
1887,1887,"",
1888,1888,Handicap accessible,
1889,1889,Handicap accessible,
1890,1890,"",
1892,1892,"",
1893,1893,"",
1896,1896,"",
1897,1897,"",
1903,1903,"",
1904,1904,"",
1971,1971,Handicap accessible,
1973,1973,Handicap accessible,
1979,1979,Handicap accessible,
1982,1982,Handicap accessible,
1983,1983,Handicap accessible,
1984,1984,"",
1985,1985,"",
1990,1990,Handicap accessible,
1991,1991,Handicap accessible,
1996,1996,Handicap accessible,
1998,1998,Handicap accessible,
1999,1999,Handicap accessible,
2016,2016,Handicap accessible,
2017,2017,Handicap accessible,
2018,2018,Handicap accessible,
2020,2020,Handicap accessible,
2021,2021,Handicap accessible,
2022,2022,Handicap accessible,
2027,2027,Handicap accessible,
2028,2028,"",
2029,2029,Handicap accessible,
2032,2032,"",
2033,2033,"",
2034,2034,"",
2035,2035,"",
2040,2040,"",
2041,2041,"",
2050,2050,"",
2051,2051,"",
2053,2053,"",
2054,2054,"",
2055,2055,Handicap accessible,
2056,2056,"",
2057,2057,"",
2059,2059,Handicap accessible,
2060,2060,"",
2061,2061,Handicap accessible,
2062,2062,Handicap accessible,
2069,2069,"",
2071,2071,"",
2072,2072,"",
2073,2073,"",
2074,2074,"",
2075,2075,"",
2076,2076,"",
2077,2077,"",
2078,2078,"",
2081,2081,"",
2083,2083,"",
2084,2084,"",
2260,2260,"",
2261,2261,"",
2264,2264,"",
2265,2265,"",
2267,2267,"",
2270,2270,"",
2271,2271,"",
2290,2290,"",
2291,2291,Handicap accessible,
2292,2292,Handicap accessible,
2293,2293,"",
2294,2294,"",
2295,2295,"",
2296,2296,"",
2297,2297,Handicap accessible,
2304,2304,Handicap accessible,
2306,2306,"",
2307,2307,Handicap accessible,
2317,2317,Handicap accessible,
2320,2320,"",
2326,2326,Handicap accessible,
2329,2329,Handicap accessible,
2330,2330,Handicap accessible,
2335,2335,Handicap accessible,
2340,2340,"",
2341,2341,Handicap accessible,
2344,2344,Handicap accessible,
2350,2350,Handicap accessible,
2351,2351,Handicap accessible,
2352,2352,Handicap accessible,
2359,2359,"",
2361,2361,"",
2363,2363,Handicap accessible,
2382,2382,"",
2388,2388,Handicap accessible,
2390,2390,"",
2398,2398,Handicap accessible,
2402,2402,Handicap accessible,
2403,2403,Handicap accessible,
2407,2407,Handicap accessible,
2408,2408,"",
2409,2409,"",
2410,2410,"",
2412,2412,Handicap accessible,
2413,2413,"",
2416,2416,Handicap accessible,
2419,2419,"",
2422,2422,"",
2424,2424,"",
2425,2425,Handicap accessible,
2428,2428,"",
2431,2431,Handicap accessible,
2436,2436,Handicap accessible,
2440,2440,Handicap accessible,
2445,2445,Handicap accessible,
2450,2450,Handicap accessible,
2451,2451,Handicap accessible,
2452,2452,Handicap accessible,
2453,2453,Handicap accessible,
2454,2454,Handicap accessible,
2458,2458,Handicap accessible,
2459,2459,Handicap accessible,
2461,2461,"",
2475,2475,Handicap accessible,
2483,2483,"",
2484,2484,"",
2487,2487,"",
2488,2488,"",
2489,2489,Handicap accessible,
2491,2491,"",
2492,2492,"",
2494,2494,"",
2495,2495,Handicap accessible,
2496,2496,Handicap accessible,
2497,2497,Handicap accessible,
2498,2498,Handicap accessible,
5791,5791,Handicap accessible,
5800,5800,Handicap accessible,
5804,5804,Handicap accessible,
5808,5808,Handicap accessible,
5812,5812,Handicap accessible,
5814,5814,Handicap accessible,
5818,5818,Handicap accessible,
5819,5819,Handicap accessible,
5822,5822,"",
5825,5825,"",
5841,5841,Handicap accessible,
5842,5842,Handicap accessible,
5843,5843,"",
5845,5845,"",
5851,5851,"",
5853,5853,"",
5854,5854,"",
5855,5855,"",
5856,5856,"",
5860,5860,"",
5864,5864,Handicap accessible,
5866,5866,"",
5877,5877,"",
5879,5879,"",
5885,5885,"",
5889,5889,"",
5900,5900,"",
5917,5917,"",
5923,5923,"",
5929,5929,"",
5938,5938,"",
5954,5954,"",
5961,5961,"",
5965,5965,Handicap accessible,
5973,5973,Handicap accessible,
5980,5980,"",
5987,5987,"",
5991,5991,Handicap accessible,
5992,5992,Handicap accessible,
5993,5993,Handicap accessible,
5994,5994,Handicap accessible,
5997,5997,Handicap accessible,
5999,5999,Handicap accessible,
6001,6001,"",
6002,6002,"",
6007,6007,"",
6011,6011,"",
6015,6015,"",
6016,6016,"",
6017,6017,"",
6021,6021,Handicap accessible,
6022,6022,"",
6023,6023,Handicap accessible,
6024,6024,Handicap accessible,
6025,6025,"",
6026,6026,Handicap accessible,
6027,6027,"",
6028,6028,Handicap accessible,
6029,6029,Handicap accessible,
6031,6031,Handicap accessible,
6032,6032,Handicap accessible,
6036,6036,Handicap accessible,
6039,6039,Handicap accessible,
6041,6041,Handicap accessible,
6042,6042,Handicap accessible,
6246,6246,"",
6247,6247,"",
6249,6249,"",
6250,6250,"",
6251,6251,"",
6252,6252,"",
6253,6253,"",
6256,6256,"",
6259,6259,"",
6260,6260,"",
6262,6262,"",
6263,6263,"",
6264,6264,Handicap accessible,
6266,6266,Handicap accessible,
6268,6268,Handicap accessible,
6273,6273,Handicap accessible,
6275,6275,"",
6276,6276,"",
6278,6278,"",
6279,6279,"",
6283,6283,"",
6288,6288,Handicap accessible,
6290,6290,"",
6291,6291,Handicap accessible,
6292,6292,"",
6295,6295,"",
6298,6298,"",
6301,6301,"",
6303,6303,"",
6307,6307,Handicap accessible,
6310,6310,Handicap accessible,
6316,6316,Handicap accessible,
6318,6318,Handicap accessible,
6327,6327,Handicap accessible,
6328,6328,Handicap accessible,
6329,6329,Handicap accessible,
6330,6330,Handicap accessible,
6332,6332,Handicap accessible,
6339,6339,Handicap accessible,
6341,6341,Handicap accessible,
6346,6346,Handicap accessible,
6347,6347,Handicap accessible,
6348,6348,Handicap accessible,
6350,6350,Handicap accessible,
6352,6352,Handicap accessible,
6353,6353,Handicap accessible,
6354,6354,Handicap accessible,
6356,6356,Handicap accessible,
6357,6357,Handicap accessible,
6366,6366,Handicap accessible,
6370,6370,Handicap accessible,
6372,6372,Handicap accessible,
6373,6373,Handicap accessible,
6374,6374,Handicap accessible,
6377,6377,Handicap accessible,
6383,6383,Handicap accessible,
6386,6386,Handicap accessible,
6387,6387,Handicap accessible,
6393,6393,Handicap accessible,
6397,6397,"",
6404,6404,"",
6412,6412,"",
6414,6414,"",
6416,6416,"",
6417,6417,Handicap accessible,
6418,6418,"",
6419,6419,"",
6421,6421,"",
6424,6424,"",
6425,6425,"",
6426,6426,"",
6430,6430,"",
6432,6432,"",
6562,6562,"",
6565,6565,"",
6566,6566,"",
6567,6567,"",
6578,6578,Handicap accessible,
6580,6580,"",
6581,6581,"",
6582,6582,"",
6583,6583,"",
6584,6584,"",
6585,6585,"",
6586,6586,"",
6587,6587,"",
6588,6588,"",
6591,6591,"",
6596,6596,"",
6597,6597,"",
6598,6598,"",
6599,6599,"",
6600,6600,"",
6601,6601,"",
6604,6604,"",
6608,6608,"",
6609,6609,"",
6610,6610,"",
6611,6611,"",
6614,6614,"",
6617,6617,"",
6619,6619,"",
6620,6620,"",
6623,6623,"",
6624,6624,"",
6625,6625,"",
6626,6626,"",
6628,6628,"",
6629,6629,"",
6639,6639,"",
6640,6640,"",
6642,6642,"",
6643,6643,"",
6646,6646,"",
6648,6648,"",
6649,6649,"",
6650,6650,"",
6651,6651,"",
6653,6653,"",
6656,6656,"",
6658,6658,"",
6744,6744,"",
6745,6745,"",
6746,6746,"",
6747,6747,"",
6748,6748,Handicap accessible,
6749,6749,Handicap accessible,
6750,6750,"",
6751,6751,"",
6752,6752,"",
6753,6753,"",
6755,6755,"",
6756,6756,"",
6757,6757,"",
6758,6758,"",
6759,6759,"",
6760,6760,"",
6761,6761,"",
6764,6764,"",
6765,6765,"",
6767,6767,"",
6768,6768,"",
6769,6769,"",
6770,6770,"",
6771,6771,"",
6772,6772,"",
6773,6773,"",
6774,6774,"",
6775,6775,"",
6777,6777,"",
6778,6778,"",
6780,6780,"",
6781,6781,"",
6782,6782,"",
6783,6783,"",
6785,6785,Handicap accessible,
6787,6787,Handicap accessible,
6788,6788,"",
6789,6789,"",
6792,6792,Handicap accessible,
6796,6796,Handicap accessible,
6800,6800,Handicap accessible,
6804,6804,Handicap accessible,
6805,6805,"",
6806,6806,"",
6811,6811,"",
6812,6812,"",
6813,6813,"",
6814,6814,Handicap accessible,
6815,6815,Handicap accessible,
6816,6816,Handicap accessible,
6819,6819,"",
6822,6822,"",
6823,6823,"",
6824,6824,"",
6825,6825,"",
6826,6826,"",
6829,6829,"",
6830,6830,"",
6831,6831,"",
6833,6833,"",
6836,6836,"",
6842,6842,"",
6843,6843,"",
6844,6844,"",
6845,6845,"",
6846,6846,"",
6847,6847,"",
6848,6848,"",
6849,6849,"",
6852,6852,"",
6853,6853,"",
6854,6854,"",
6949,6949,Handicap accessible,
6951,6951,Handicap accessible,
6952,6952,Handicap accessible,
6953,6953,Handicap accessible,
6954,6954,Handicap accessible,
6955,6955,"",
6956,6956,"",
6957,6957,"",
6958,6958,"",
6960,6960,"",
6963,6963,Handicap accessible,
6964,6964,"",
6965,6965,"",
6966,6966,"",
6974,6974,Handicap accessible,
6976,6976,"",
6980,6980,"",
6982,6982,Handicap accessible,
6983,6983,Handicap accessible,
6984,6984,Handicap accessible,
6985,6985,Handicap accessible,
6986,6986,"",
6987,6987,"",
6988,6988,"",
6989,6989,"",
6990,6990,"",
6991,6991,"",
6992,6992,"",
6993,6993,Handicap accessible,
6994,6994,Handicap accessible,
6995,6995,Handicap accessible,
6996,6996,Handicap accessible,
6997,6997,"",
6998,6998,"",
6999,6999,"",
7000,7000,"",
7001,7001,"",
7002,7002,"",
7003,7003,Handicap accessible,
7007,7007,"",
7009,7009,"",
7010,7010,Handicap accessible,
7011,7011,Handicap accessible,
7015,7015,"",
7016,7016,Handicap accessible,
7017,7017,"",
7018,7018,"",
7021,7021,Handicap accessible,
7024,7024,"",
7027,7027,"",
7028,7028,Handicap accessible,
7029,7029,Handicap accessible,
7031,7031,Handicap accessible,
7032,7032,Handicap accessible,
7033,7033,Handicap accessible,
7035,7035,Handicap accessible,
7036,7036,Handicap accessible,
7037,7037,Handicap accessible,
7038,7038,Handicap accessible,
7039,7039,Handicap accessible,
7040,7040,Handicap accessible,
7042,7042,"",
7155,7155,Handicap accessible,
7163,7163,Handicap accessible,
7165,7165,Handicap accessible,
7169,7169,Handicap accessible,
7171,7171,Handicap accessible,
7179,7179,Handicap accessible,
7180,7180,Handicap accessible,
7181,7181,Handicap accessible,
7182,7182,Handicap accessible,
7186,7186,"",
7187,7187,"",
7188,7188,"",
7189,7189,Handicap accessible,
7190,7190,Handicap accessible,
7192,7192,"",
7193,7193,"",
7197,7197,Handicap accessible,
7199,7199,"",
7203,7203,Handicap accessible,
7204,7204,Handicap accessible,
7206,7206,"",
7209,7209,"",
7217,7217,Handicap accessible,
7218,7218,"",
7219,7219,"",
7220,7220,Handicap accessible,
7221,7221,"",
7222,7222,"",
7223,7223,"",
7224,7224,"",
7225,7225,"",
7226,7226,Handicap accessible,
7227,7227,Handicap accessible,
7228,7228,Handicap accessible,
7229,7229,Handicap accessible,
7230,7230,Handicap accessible,
7234,7234,Handicap accessible,
7235,7235,Handicap accessible,
7238,7238,"",
7239,7239,Handicap accessible,
7240,7240,Handicap accessible,
7242,7242,"",
7243,7243,"",
7246,7246,"",
7247,7247,"",
7249,7249,"",
7251,7251,"",
7254,7254,Handicap accessible,
7255,7255,"",
7256,7256,"",
7257,7257,"",
7258,7258,"",
7259,7259,Handicap accessible,
7260,7260,"",
7261,7261,"",
7263,7263,"",
7264,7264,"",
7265,7265,"",
7266,7266,Handicap accessible,
7267,7267,Handicap accessible,
7268,7268,Handicap accessible,
7269,7269,Handicap accessible,
7270,7270,Handicap accessible,
7271,7271,"",
7272,7272,"",
7273,7273,"",
7365,7365,Handicap accessible,
7366,7366,"",
7368,7368,Handicap accessible,
7370,7370,Handicap accessible,
7372,7372,"",
7377,7377,"",
7386,7386,"",
7387,7387,"",
7388,7388,"",
7390,7390,"",
7392,7392,"",
7393,7393,Handicap accessible,
7394,7394,Handicap accessible,
7395,7395,Handicap accessible,
7396,7396,Handicap accessible,
7397,7397,Handicap accessible,
7398,7398,Handicap accessible,
7399,7399,Handicap accessible,
7401,7401,Handicap accessible,
7402,7402,"",
7404,7404,"",
7405,7405,"",
7407,7407,"",
7408,7408,"",
7410,7410,"",
7415,7415,"",
7416,7416,"",
7419,7419,"",
7422,7422,"",
7424,7424,"",
7425,7425,"",
7426,7426,"",
7430,7430,"",
7431,7431,"",
7432,7432,"",
7433,7433,"",
7434,7434,"",
7437,7437,"",
7438,7438,"",
7439,7439,"",
7443,7443,"",
7444,7444,"",
7446,7446,Handicap accessible,
7447,7447,Handicap accessible,
7449,7449,"",
7450,7450,"",
7451,7451,"",
7452,7452,Handicap accessible,
7454,7454,"",
7455,7455,"",
7456,7456,Handicap accessible,
7457,7457,Handicap accessible,
7459,7459,Handicap accessible,
7460,7460,Handicap accessible,
7461,7461,Handicap accessible,
7563,7563,"",
7564,7564,"",
7565,7565,"",
7566,7566,"",
7568,7568,"",
7569,7569,"",
7570,7570,"",
7571,7571,"",
7575,7575,"",
7578,7578,"",
7579,7579,"",
7580,7580,"",
7584,7584,"",
7585,7585,"",
7586,7586,"",
7587,7587,"",
7588,7588,"",
7589,7589,"",
7590,7590,"",
7591,7591,"",
7592,7592,"",
7593,7593,"",
7594,7594,"",
7595,7595,"",
7596,7596,"",
7597,7597,"",
7598,7598,Handicap accessible,
7599,7599,Handicap accessible,
7600,7600,Handicap accessible,
7602,7602,Handicap accessible,
7603,7603,"",
7604,7604,"",
7605,7605,"",
7606,7606,"",
7607,7607,Handicap accessible,
7608,7608,Handicap accessible,
7612,7612,Handicap accessible,
7613,7613,Handicap accessible,
7614,7614,"",
7615,7615,"",
7616,7616,"",
7617,7617,Handicap accessible,
7621,7621,"",
7622,7622,"",
7623,7623,"",
7624,7624,"",
7625,7625,"",
7626,7626,"",
7627,7627,"",
7628,7628,"",
7629,7629,"",
7630,7630,"",
7631,7631,"",
7632,7632,"",
7633,7633,"",
7634,7634,"",
7635,7635,"",
7636,7636,"",
7637,7637,"",
7638,7638,"",
7639,7639,"",
7640,7640,"",
7642,7642,Handicap accessible,
7644,7644,"",
7645,7645,"",
7646,7646,"",
7647,7647,"",
7648,7648,"",
7649,7649,"",
0,0,"",
1,1,Handicap accessible,
17,17,"",
21,21,"",
22,22,Handicap accessible,
23,23,Handicap accessible,
25,25,Handicap accessible,
29,29,"",
30,30,"",
31,31,"",
32,32,"",
34,34,"",
35,35,"",
38,38,Handicap accessible,
39,39,"",
42,42,"",
44,44,"",
45,45,"",
46,46,"",
47,47,"",
48,48,"",
50,50,"",
51,51,"",
52,52,Handicap accessible,
53,53,Handicap accessible,
55,55,"",
57,57,"",
58,58,"",
59,59,"",
62,62,Handicap accessible,
63,63,Handicap accessible,
64,64,Handicap accessible,
65,65,Handicap accessible,
66,66,Handicap accessible,
67,67,Handicap accessible,
68,68,Handicap accessible,
69,69,Handicap accessible,
70,70,Handicap accessible,
72,72,Handicap accessible,
73,73,Handicap accessible,
74,74,Handicap accessible,
75,75,Handicap accessible,
76,76,Handicap accessible,
77,77,Handicap accessible,
78,78,Handicap accessible,
81,81,Handicap accessible,
82,82,"",
85,85,Handicap accessible,
89,89,Handicap accessible,
92,92,"",
94,94,"",
95,95,"",
96,96,"",
97,97,"",
98,98,"",
99,99,Handicap accessible,
100,100,Handicap accessible,
102,102,Handicap accessible,
103,103,"",
104,104,"",
105,105,Handicap accessible,
107,107,Handicap accessible,
108,108,Handicap accessible,
118,118,Handicap accessible,
119,119,Handicap accessible,
122,122,Handicap accessible,
123,123,Handicap accessible,
126,126,Handicap accessible,
127,127,Handicap accessible,
131,131,Handicap accessible,
133,133,Handicap accessible,
134,134,"",
135,135,"",
315,315,"",
317,317,"",
318,318,"",
319,319,"",
320,320,"",
322,322,"",
323,323,"",
324,324,Handicap accessible,
325,325,"",
326,326,"",
327,327,"",
328,328,"",
329,329,"",
330,330,"",
331,331,"",
332,332,Handicap accessible,
333,333,"",
347,347,"",
348,348,"",
349,349,Handicap accessible,
350,350,"",
351,351,"",
359,359,"",
360,360,"",
361,361,"",
362,362,Handicap accessible,
367,367,"",
373,373,Handicap accessible,
374,374,"",
375,375,"",
385,385,"",
386,386,Handicap accessible,
387,387,Handicap accessible,
388,388,Handicap accessible,
389,389,"",
390,390,"",
391,391,"",
394,394,"",
395,395,"",
397,397,"",
398,398,"",
399,399,"",
403,403,"",
405,405,"",
408,408,"",
409,409,"",
410,410,"",
411,411,"",
412,412,"",
413,413,"",
415,415,"",
416,416,"",
417,417,"",
419,419,"",
424,424,Handicap accessible,
427,427,"",
431,431,"",
432,432,Handicap accessible,
434,434,Handicap accessible,
436,436,"",
437,437,"",
439,439,"",
440,440,"",
441,441,"",
446,446,Handicap accessible,
447,447,Handicap accessible,
448,448,"",
449,449,Handicap accessible,
450,450,Handicap accessible,
459,459,"",
460,460,"",
461,461,"",
465,465,"",
466,466,"",
595,595,Handicap accessible,
596,596,"",
601,601,Handicap accessible,
602,602,Handicap accessible,
603,603,Handicap accessible,
604,604,Handicap accessible,
605,605,Handicap accessible,
606,606,Handicap accessible,
607,607,Handicap accessible,
618,618,"",
621,621,Handicap accessible,
623,623,"",
624,624,"",
625,625,"",
627,627,"",
629,629,"",
630,630,"",
631,631,"",
632,632,"",
638,638,"",
639,639,"",
641,641,"",
643,643,"",
649,649,"",
650,650,"",
651,651,"",
653,653,Handicap accessible,
654,654,"",
655,655,Handicap accessible,
656,656,"",
657,657,"",
658,658,"",
659,659,"",
660,660,"",
661,661,"",
662,662,Handicap accessible,
664,664,"",
665,665,"",
666,666,"",
667,667,"",
668,668,"",
680,680,"",
685,685,Handicap accessible,
688,688,"",
691,691,"",
693,693,"",
698,698,"",
699,699,"",
707,707,Handicap accessible,
716,716,Handicap accessible,
719,719,"",
720,720,Handicap accessible,
721,721,"",
722,722,Handicap accessible,
723,723,"",
735,735,Handicap accessible,
737,737,"",
738,738,"",
739,739,"",
740,740,"",
741,741,"",
742,742,"",
743,743,"",
744,744,"",
748,748,"",
874,874,"",
875,875,Handicap accessible,
876,876,Handicap accessible,
877,877,Handicap accessible,
878,878,Handicap accessible,
879,879,Handicap accessible,
880,880,"",
881,881,Handicap accessible,
883,883,Handicap accessible,
886,886,Handicap accessible,
887,887,Handicap accessible,
889,889,Handicap accessible,
891,891,"",
900,900,Handicap accessible,
902,902,Handicap accessible,
903,903,Handicap accessible,
905,905,"",
907,907,"",
908,908,"",
911,911,"",
912,912,Handicap accessible,
913,913,Handicap accessible,
914,914,Handicap accessible,
915,915,Handicap accessible,
916,916,Handicap accessible,
917,917,Handicap accessible,
918,918,Handicap accessible,
919,919,Handicap accessible,
920,920,Handicap accessible,
921,921,Handicap accessible,
923,923,Handicap accessible,
924,924,Handicap accessible,
925,925,Handicap accessible,
926,926,"",
927,927,"",
928,928,"",
929,929,"",
934,934,"",
935,935,Handicap accessible,
936,936,"",
938,938,"",
941,941,"",
942,942,"",
943,943,"",
944,944,Handicap accessible,
945,945,Handicap accessible,
946,946,"",
950,950,"",
952,952,Handicap accessible,
953,953,Handicap accessible,
954,954,Handicap accessible,
955,955,"",
956,956,"",
957,957,"",
958,958,"",
959,959,Handicap accessible,
960,960,Handicap accessible,
962,962,Handicap accessible,
964,964,Handicap accessible,
965,965,Handicap accessible,
966,966,"",
981,981,"",
982,982,"",
983,983,"",
984,984,Handicap accessible,
1105,1105,"",
1106,1106,"",
1108,1108,"",
1112,1112,"",
1113,1113,Handicap accessible,
1118,1118,"",
1119,1119,"",
1121,1121,"",
1124,1124,"",
1125,1125,"",
1126,1126,"",
1127,1127,"",
1129,1129,"",
1130,1130,Handicap accessible,
1131,1131,"",
1135,1135,"",
1157,1157,"",
1158,1158,"",
1159,1159,Handicap accessible,
1160,1160,Handicap accessible,
1161,1161,Handicap accessible,
1163,1163,Handicap accessible,
1164,1164,Handicap accessible,
1165,1165,Handicap accessible,
1166,1166,Handicap accessible,
1167,1167,"",
1168,1168,"",
1183,1183,Handicap accessible,
1187,1187,"",
1191,1191,"",
1192,1192,"",
1194,1194,"",
1206,1206,Handicap accessible,
1208,1208,Handicap accessible,
1210,1210,"",
1213,1213,"",
1214,1214,"",
1216,1216,Handicap accessible,
1219,1219,"",
1220,1220,Handicap accessible,
1221,1221,"",
1222,1222,Handicap accessible,
1223,1223,Handicap accessible,
1225,1225,"",
1226,1226,Handicap accessible,
1227,1227,Handicap accessible,
1228,1228,Handicap accessible,
1230,1230,Handicap accessible,
1232,1232,Handicap accessible,
1233,1233,"",
1234,1234,"",
1237,1237,Handicap accessible,
1241,1241,"",
1242,1242,"",
1243,1243,"",
1245,1245,"",
1246,1246,"",
1247,1247,"",
1249,1249,Handicap accessible,
1251,1251,Handicap accessible,
1252,1252,"",
1253,1253,"",
1254,1254,Handicap accessible,
1255,1255,"",
1256,1256,"",
1259,1259,"",
1260,1260,"",
1391,1391,"",
1392,1392,"",
1393,1393,Handicap accessible,
1394,1394,"",
1401,1401,Handicap accessible,
1402,1402,"",
1405,1405,"",
1407,1407,"",
1415,1415,"",
1428,1428,"",
1430,1430,"",
1431,1431,"",
1432,1432,"",
1437,1437,"",
1438,1438,"",
1439,1439,"",
1440,1440,"",
1441,1441,"",
1442,1442,"",
1443,1443,"",
1445,1445,"",
1447,1447,"",
1449,1449,"",
1450,1450,"",
1451,1451,"",
1456,1456,"",
1457,1457,"",
1460,1460,"",
1461,1461,"",
1462,1462,"",
1463,1463,"",
1465,1465,"",
1468,1468,Handicap accessible,
1469,1469,Handicap accessible,
1470,1470,Handicap accessible,
1471,1471,"",
1472,1472,Handicap accessible,
1473,1473,"",
1474,1474,"",
1476,1476,"",
1477,1477,"",
1479,1479,"",
1483,1483,"",
1484,1484,"",
1492,1492,Handicap accessible,
1493,1493,"",
1495,1495,Handicap accessible,
1496,1496,"",
1500,1500,"",
1503,1503,"",
1506,1506,"",
1507,1507,"",
1509,1509,"",
1510,1510,"",
1511,1511,"",
1512,1512,"",
1514,1514,"",
1516,1516,"",
1517,1517,"",
1518,1518,"",
1520,1520,"",
1521,1521,"",
1522,1522,"",
1524,1524,"",
1526,1526,"",
1527,1527,"",
1528,1528,"",
1529,1529,"",
1532,1532,"",
1533,1533,"",
1534,1534,Handicap accessible,
1538,1538,"",
1539,1539,"",
1540,1540,"",
1541,1541,"",
1543,1543,"",
1545,1545,"",
1546,1546,"",
1547,1547,"",
1548,1548,"",
1550,1550,"",
1551,1551,"",
1552,1552,"",
1555,1555,"",
1730,1730,"",
1731,1731,"",
1732,1732,"",
1733,1733,"",
1736,1736,"",
1737,1737,"",
1740,1740,"",
1742,1742,"",
1743,1743,"",
1745,1745,"",
1746,1746,"",
1747,1747,"",
1753,1753,Handicap accessible,
1755,1755,"",
1756,1756,"",
1762,1762,"",
1763,1763,Handicap accessible,
1764,1764,"",
1765,1765,"",
1766,1766,"",
1767,1767,"",
1768,1768,Handicap accessible,
1769,1769,"",
1770,1770,"",
1771,1771,"",
1772,1772,"",
1773,1773,"",
1774,1774,"",
1775,1775,"",
1776,1776,"",
1778,1778,"",
1779,1779,"",
1780,1780,"",
1781,1781,"",
1782,1782,"",
1783,1783,"",
1784,1784,"",
1785,1785,"",
1786,1786,"",
1787,1787,"",
1788,1788,"",
1789,1789,"",
1790,1790,"",
1791,1791,"",
1792,1792,"",
1793,1793,"",
1795,1795,"",
1796,1796,"",
1797,1797,"",
1798,1798,"",
1799,1799,"",
1800,1800,"",
1801,1801,"",
1802,1802,"",
1803,1803,"",
1804,1804,"",
1805,1805,"",
1806,1806,"",
1807,1807,"",
1812,1812,"",
1815,1815,"",
1816,1816,"",
1817,1817,"",
1818,1818,"",
1820,1820,"",
1822,1822,Handicap accessible,
1823,1823,Handicap accessible,
1824,1824,Handicap accessible,
1826,1826,"",
1827,1827,Handicap accessible,
1829,1829,Handicap accessible,
1830,1830,Handicap accessible,
1831,1831,Handicap accessible,
1834,1834,Handicap accessible,
1836,1836,"",
1839,1839,Handicap accessible,
1842,1842,Handicap accessible,
1844,1844,Handicap accessible,
1845,1845,Handicap accessible,
1852,1852,Handicap accessible,
1854,1854,Handicap accessible,
1855,1855,"",
1856,1856,"",
1857,1857,"",
2090,2090,"",
2097,2097,Handicap accessible,
2099,2099,Handicap accessible,
2100,2100,Handicap accessible,
2103,2103,Handicap accessible,
2105,2105,"",
2106,2106,Handicap accessible,
2107,2107,Handicap accessible,
2108,2108,"",
2109,2109,Handicap accessible,
2116,2116,"",
2125,2125,"",
2127,2127,"",
2128,2128,"",
2130,2130,"",
2132,2132,"",
2134,2134,"",
2144,2144,"",
2145,2145,Handicap accessible,
2147,2147,Handicap accessible,
2152,2152,"",
2153,2153,"",
2154,2154,"",
2155,2155,"",
2156,2156,"",
2158,2158,Handicap accessible,
2168,2168,"",
2170,2170,"",
2171,2171,"",
2175,2175,"",
2177,2177,"",
2178,2178,Handicap accessible,
2179,2179,Handicap accessible,
2181,2181,"",
2182,2182,"",
2183,2183,"",
2185,2185,"",
2186,2186,"",
2187,2187,"",
2189,2189,Handicap accessible,
2191,2191,"",
2192,2192,"",
2193,2193,"",
2194,2194,"",
2196,2196,"",
2197,2197,"",
2198,2198,Handicap accessible,
2205,2205,"",
2207,2207,"",
2208,2208,"",
2209,2209,Handicap accessible,
2211,2211,Handicap accessible,
2212,2212,Handicap accessible,
2220,2220,"",
2222,2222,Handicap accessible,
2227,2227,"",
2229,2229,Handicap accessible,
2230,2230,Handicap accessible,
2234,2234,"",
2236,2236,Handicap accessible,
2239,2239,"",
2241,2241,Handicap accessible,
2244,2244,Handicap accessible,
2254,2254,Handicap accessible,
2255,2255,Handicap accessible,
2256,2256,Handicap accessible,
2257,2257,Handicap accessible,
2258,2258,"",
2606,2606,"",
2608,2608,Handicap accessible,
2612,2612,"",
2613,2613,"",
2615,2615,"",
2616,2616,"",
2617,2617,Handicap accessible,
2619,2619,Handicap accessible,
2626,2626,Handicap accessible,
2627,2627,"",
2628,2628,Handicap accessible,
2633,2633,"",
2637,2637,"",
2638,2638,"",
2645,2645,Handicap accessible,
2646,2646,Handicap accessible,
2649,2649,Handicap accessible,
2650,2650,Handicap accessible,
2651,2651,Handicap accessible,
2652,2652,"",
2654,2654,Handicap accessible,
2659,2659,"",
2660,2660,Handicap accessible,
2661,2661,"",
2662,2662,"",
2664,2664,Handicap accessible,
2666,2666,Handicap accessible,
2667,2667,Handicap accessible,
2669,2669,"",
2671,2671,Handicap accessible,
2672,2672,Handicap accessible,
2675,2675,Handicap accessible,
2684,2684,"",
2685,2685,"",
2690,2690,"",
2691,2691,"",
2692,2692,"",
2693,2693,"",
2694,2694,"",
2695,2695,Handicap accessible,
2699,2699,"",
2700,2700,"",
2706,2706,"",
2707,2707,"",
2708,2708,"",
2713,2713,Handicap accessible,
2714,2714,Handicap accessible,
2715,2715,Handicap accessible,
2716,2716,Handicap accessible,
2717,2717,Handicap accessible,
2719,2719,Handicap accessible,
2722,2722,"",
2724,2724,Handicap accessible,
2727,2727,Handicap accessible,
2733,2733,Handicap accessible,
2744,2744,Handicap accessible,
2752,2752,Handicap accessible,
2753,2753,"",
2755,2755,"",
2757,2757,"",
2758,2758,"",
2891,2891,"",
2893,2893,"",
2894,2894,Handicap accessible,
2895,2895,Handicap accessible,
2896,2896,Handicap accessible,
2897,2897,Handicap accessible,
2898,2898,Handicap accessible,
2900,2900,Handicap accessible,
2901,2901,Handicap accessible,
2902,2902,Handicap accessible,
2904,2904,"",
2906,2906,Handicap accessible,
2908,2908,Handicap accessible,
2909,2909,Handicap accessible,
2910,2910,Handicap accessible,
2911,2911,Handicap accessible,
2912,2912,Handicap accessible,
2913,2913,Handicap accessible,
2914,2914,Handicap accessible,
2915,2915,Handicap accessible,
2917,2917,Handicap accessible,
2918,2918,Handicap accessible,
2922,2922,"",
2923,2923,"",
2924,2924,"",
2928,2928,"",
2929,2929,"",
2932,2932,Handicap accessible,
2934,2934,"",
2935,2935,"",
2936,2936,"",
2938,2938,"",
2942,2942,"",
2943,2943,"",
2944,2944,"",
2945,2945,"",
2948,2948,"",
2949,2949,Handicap accessible,
2952,2952,"",
2953,2953,"",
2955,2955,"",
2956,2956,"",
2957,2957,"",
2958,2958,"",
2959,2959,"",
2960,2960,"",
2962,2962,"",
2963,2963,"",
2964,2964,"",
2965,2965,"",
2966,2966,"",
2967,2967,"",
2968,2968,"",
2969,2969,"",
2970,2970,"",
2971,2971,"",
2972,2972,"",
2973,2973,"",
2974,2974,"",
2975,2975,"",
2976,2976,"",
2977,2977,"",
3156,3156,"",
3162,3162,"",
3167,3167,"",
3169,3169,"",
3171,3171,"",
3172,3172,"",
3174,3174,"",
3176,3176,"",
3177,3177,"",
3179,3179,"",
3189,3189,"",
3190,3190,"",
3191,3191,Handicap accessible,
3195,3195,"",
3196,3196,"",
3197,3197,"",
3198,3198,"",
3205,3205,"",
3207,3207,"",
3209,3209,"",
3211,3211,"",
3212,3212,"",
3221,3221,"",
3228,3228,Handicap accessible,
3229,3229,Handicap accessible,
3230,3230,"",
3231,3231,Handicap accessible,
3232,3232,Handicap accessible,
3237,3237,"",
3239,3239,"",
3240,3240,"",
3241,3241,"",
3242,3242,"",
3244,3244,"",
3255,3255,"",
3256,3256,"",
3257,3257,"",
3258,3258,"",
3259,3259,"",
3260,3260,"",
3262,3262,Handicap accessible,
3278,3278,"",
3279,3279,"",
3280,3280,"",
3281,3281,"",
3284,3284,"",
3286,3286,"",
3288,3288,Handicap accessible,
3292,3292,Handicap accessible,
3297,3297,Handicap accessible,
3307,3307,"",
3309,3309,"",
3313,3313,"",
3314,3314,"",
3315,3315,"",
3316,3316,"",
3317,3317,"",
3319,3319,"",
3320,3320,"",
3333,3333,"",
3335,3335,Handicap accessible,
3336,3336,Handicap accessible,
3337,3337,Handicap accessible,
3339,3339,Handicap accessible,
3340,3340,Handicap accessible,
3342,3342,"",
3343,3343,"",
3347,3347,Handicap accessible,
3348,3348,"",
3349,3349,Handicap accessible,
3351,3351,Handicap accessible,
3538,3538,"",
3543,3543,"",
3545,3545,Handicap accessible,
3546,3546,Handicap accessible,
3549,3549,"",
3550,3550,"",
3551,3551,"",
3552,3552,"",
3553,3553,"",
3577,3577,Handicap accessible,
3579,3579,"",
3583,3583,"",
3585,3585,"",
3588,3588,"",
3595,3595,Handicap accessible,
3599,3599,"",
3601,3601,"",
3603,3603,"",
3610,3610,Handicap accessible,
3611,3611,"",
3616,3616,Handicap accessible,
3620,3620,"",
3624,3624,"",
3626,3626,Handicap accessible,
3627,3627,Handicap accessible,
3638,3638,Handicap accessible,
3639,3639,Handicap accessible,
3642,3642,Handicap accessible,
3644,3644,Handicap accessible,
3646,3646,"",
3655,3655,"",
3670,3670,"",
3671,3671,"",
3672,3672,"",
3673,3673,"",
3675,3675,"",
3678,3678,"",
3681,3681,"",
3682,3682,"",
3701,3701,"",
3731,3731,Handicap accessible,
3732,3732,Handicap accessible,
3734,3734,Handicap accessible,
3786,3786,"",
3787,3787,"",
3788,3788,"",
3790,3790,Handicap accessible,
3795,3795,"",
3797,3797,"",
3803,3803,"",
3804,3804,"",
3805,3805,"",
3806,3806,"",
3807,3807,"",
3811,3811,"",
3813,3813,"",
3815,3815,"",
3817,3817,Handicap accessible,
3821,3821,"",
3822,3822,"",
3823,3823,"",
3824,3824,"",
3825,3825,"",
3826,3826,"",
3828,3828,Handicap accessible,
3829,3829,Handicap accessible,
3830,3830,Handicap accessible,
4099,4099,"",
4100,4100,"",
4103,4103,"",
4104,4104,"",
4105,4105,Handicap accessible,
4109,4109,Handicap accessible,
4113,4113,"",
4117,4117,Handicap accessible,
4118,4118,Handicap accessible,
4119,4119,Handicap accessible,
4120,4120,"",
4121,4121,"",
4123,4123,"",
4125,4125,Handicap accessible,
4127,4127,Handicap accessible,
4130,4130,"",
4137,4137,Handicap accessible,
4151,4151,"",
4159,4159,Handicap accessible,
4166,4166,"",
4167,4167,Handicap accessible,
4168,4168,Handicap accessible,
4169,4169,Handicap accessible,
4170,4170,Handicap accessible,
4179,4179,"",
4181,4181,Handicap accessible,
4182,4182,Handicap accessible,
4187,4187,"",
4189,4189,"",
4193,4193,Handicap accessible,
4194,4194,Handicap accessible,
4195,4195,Handicap accessible,
4197,4197,"",
4198,4198,"",
4199,4199,"",
4200,4200,"",
4204,4204,Handicap accessible,
4210,4210,Handicap accessible,
4214,4214,Handicap accessible,
4217,4217,"",
4226,4226,Handicap accessible,
4228,4228,Handicap accessible,
4230,4230,Handicap accessible,
4231,4231,"",
4234,4234,Handicap accessible,
4237,4237,Handicap accessible,
4241,4241,"",
4248,4248,Handicap accessible,
4249,4249,"",
4251,4251,"",
4253,4253,"",
4254,4254,Handicap accessible,
4256,4256,Handicap accessible,
4258,4258,Handicap accessible,
4260,4260,Handicap accessible,
4261,4261,Handicap accessible,
4267,4267,Handicap accessible,
4271,4271,Handicap accessible,
4276,4276,Handicap accessible,
4280,4280,"",
4284,4284,"",
4285,4285,"",
4286,4286,"",
4815,4815,"",
4831,4831,"",
4834,4834,"",
4839,4839,"",
4841,4841,"",
4862,4862,"",
4868,4868,"",
4871,4871,"",
4873,4873,"",
4882,4882,"",
4883,4883,"",
4890,4890,"",
4892,4892,Handicap accessible,
4896,4896,"",
4902,4902,"",
4904,4904,"",
4906,4906,"",
4908,4908,"",
4914,4914,Handicap accessible,
4915,4915,"",
4916,4916,Handicap accessible,
4918,4918,Handicap accessible,
4919,4919,"",
4921,4921,Handicap accessible,
4926,4926,"",
4934,4934,"",
4936,4936,"",
4939,4939,Handicap accessible,
4948,4948,"",
4949,4949,Handicap accessible,
4959,4959,"",
4971,4971,Handicap accessible,
4976,4976,Handicap accessible,
4980,4980,"",
4981,4981,"",
4996,4996,Handicap accessible,
4999,4999,"",
5001,5001,"",
5002,5002,"",
5005,5005,"",
5007,5007,"",
5008,5008,"",
5012,5012,"",
5014,5014,"",
5015,5015,"",
5016,5016,"",
5017,5017,Handicap accessible,
5020,5020,Handicap accessible,
5022,5022,"",
5023,5023,"",
5024,5024,"",
5028,5028,"",
5030,5030,Handicap accessible,
5031,5031,Handicap accessible,
5034,5034,"",
5035,5035,"",
5038,5038,Handicap accessible,
5040,5040,Handicap accessible,
5041,5041,Handicap accessible,
5043,5043,Handicap accessible,
5048,5048,"",
5050,5050,"",
5053,5053,"",
5054,5054,"",
5055,5055,"",
5057,5057,Handicap accessible,
5059,5059,Handicap accessible,
5064,5064,"",
5065,5065,"",
5066,5066,"",
5207,5207,"",
5209,5209,"",
5211,5211,"",
5212,5212,"",
5214,5214,Handicap accessible,
5215,5215,"",
5218,5218,"",
5219,5219,"",
5222,5222,"",
5224,5224,"",
5231,5231,"",
5232,5232,"",
5233,5233,"",
5234,5234,"",
5235,5235,"",
5236,5236,"",
5237,5237,Handicap accessible,
5241,5241,"",
5248,5248,"",
5251,5251,Handicap accessible,
5260,5260,"",
5264,5264,Handicap accessible,
5267,5267,"",
5268,5268,"",
5270,5270,"",
5283,5283,Handicap accessible,
5294,5294,"",
5295,5295,"",
5297,5297,Handicap accessible,
5299,5299,"",
5300,5300,"",
5301,5301,"",
5302,5302,"",
5311,5311,"",
5313,5313,"",
5314,5314,"",
5317,5317,"",
5318,5318,"",
5319,5319,"",
5320,5320,"",
5321,5321,"",
5322,5322,"",
5323,5323,"",
5324,5324,"",
5328,5328,Handicap accessible,
5329,5329,"",
5341,5341,"",
5345,5345,"",
5346,5346,"",
5349,5349,Handicap accessible,
5350,5350,Handicap accessible,
5351,5351,Handicap accessible,
5352,5352,"",
5353,5353,"",
5355,5355,"",
5356,5356,"",
5357,5357,"",
5360,5360,"",
5362,5362,"",
5364,5364,"",
5577,5577,"",
5578,5578,Handicap accessible,
5579,5579,Handicap accessible,
5581,5581,Handicap accessible,
5582,5582,"",
5586,5586,"",
5587,5587,"",
5588,5588,Handicap accessible,
5590,5590,"",
5591,5591,"",
5593,5593,"",
5594,5594,"",
5595,5595,"",
5596,5596,"",
5597,5597,"",
5598,5598,"",
5600,5600,"",
5606,5606,"",
5607,5607,"",
5608,5608,"",
5609,5609,"",
5615,5615,"",
5618,5618,"",
5619,5619,"",
5625,5625,Handicap accessible,
5628,5628,"",
5629,5629,"",
5630,5630,Handicap accessible,
5633,5633,"",
5634,5634,"",
5641,5641,"",
5642,5642,Handicap accessible,
5643,5643,Handicap accessible,
5645,5645,Handicap accessible,
5646,5646,Handicap accessible,
5648,5648,"",
5650,5650,"",
5652,5652,Handicap accessible,
5655,5655,Handicap accessible,
5663,5663,"",
5672,5672,Handicap accessible,
5675,5675,"",
5676,5676,"",
5678,5678,"",
5680,5680,"",
5685,5685,"",
5691,5691,"",
5692,5692,"",
5693,5693,"",
5714,5714,Handicap accessible,
5718,5718,"",
5720,5720,Handicap accessible,
5723,5723,Handicap accessible,
5726,5726,Handicap accessible,
5736,5736,Handicap accessible,
5739,5739,Handicap accessible,
5740,5740,"",
5742,5742,"",
5743,5743,"",
5744,5744,"",
5745,5745,"",
5746,5746,"",
5747,5747,"",
5748,5748,"",
5749,5749,"",
5750,5750,"",
5752,5752,"",
5754,5754,Handicap accessible,
5755,5755,Handicap accessible,
5756,5756,"",
5758,5758,"",
5761,5761,"",
5762,5762,"",
5779,5779,Handicap accessible,
5787,5787,Handicap accessible,
2500,2500,"",
2503,2503,"",
2505,2505,"",
2506,2506,"",
2507,2507,"",
2508,2508,"",
2514,2514,"",
2515,2515,"",
2519,2519,Handicap accessible,
2522,2522,Handicap accessible,
2523,2523,Handicap accessible,
2524,2524,Handicap accessible,
2525,2525,Handicap accessible,
2531,2531,Handicap accessible,
2532,2532,Handicap accessible,
2533,2533,Handicap accessible,
2534,2534,Handicap accessible,
2535,2535,Handicap accessible,
2536,2536,Handicap accessible,
2537,2537,Handicap accessible,
2538,2538,Handicap accessible,
2539,2539,Handicap accessible,
2541,2541,"",
2546,2546,"",
2548,2548,Handicap accessible,
2549,2549,"",
2550,2550,"",
2552,2552,"",
2553,2553,"",
2555,2555,"",
2556,2556,"",
2558,2558,"",
2559,2559,"",
2561,2561,"",
2562,2562,"",
2564,2564,"",
2566,2566,"",
2568,2568,"",
2569,2569,"",
2570,2570,Handicap accessible,
2572,2572,"",
2573,2573,"",
2574,2574,"",
2575,2575,"",
2577,2577,"",
2579,2579,"",
2580,2580,"",
2582,2582,"",
2583,2583,"",
2584,2584,"",
2587,2587,"",
2588,2588,"",
2589,2589,"",
2591,2591,"",
2596,2596,"",
2597,2597,"",
2598,2598,"",
2599,2599,"",
2601,2601,Handicap accessible,
2604,2604,Handicap accessible,
2605,2605,Handicap accessible,
2759,2759,"",
2760,2760,"",
2765,2765,Handicap accessible,
2766,2766,Handicap accessible,
2770,2770,Handicap accessible,
2773,2773,Handicap accessible,
2776,2776,Handicap accessible,
2781,2781,Handicap accessible,
2782,2782,Handicap accessible,
2789,2789,"",
2805,2805,"",
2806,2806,"",
2808,2808,"",
2809,2809,"",
2810,2810,"",
2811,2811,"",
2812,2812,"",
2815,2815,Handicap accessible,
2816,2816,Handicap accessible,
2817,2817,"",
2818,2818,"",
2821,2821,Handicap accessible,
2824,2824,"",
2826,2826,Handicap accessible,
2827,2827,"",
2828,2828,"",
2834,2834,"",
2835,2835,"",
2839,2839,"",
2841,2841,"",
2842,2842,"",
2844,2844,"",
2845,2845,"",
2847,2847,"",
2849,2849,Handicap accessible,
2852,2852,"",
2854,2854,"",
2855,2855,"",
2856,2856,"",
2857,2857,Handicap accessible,
2858,2858,Handicap accessible,
2859,2859,Handicap accessible,
2860,2860,Handicap accessible,
2861,2861,Handicap accessible,
2865,2865,"",
2866,2866,Handicap accessible,
2867,2867,Handicap accessible,
2869,2869,Handicap accessible,
2871,2871,Handicap accessible,
2873,2873,"",
2874,2874,"",
2875,2875,"",
2876,2876,Handicap accessible,
2878,2878,Handicap accessible,
2879,2879,Handicap accessible,
2880,2880,Handicap accessible,
2884,2884,Handicap accessible,
2890,2890,Handicap accessible,
2978,2978,"",
2979,2979,"",
2980,2980,"",
2981,2981,"",
2982,2982,"",
2983,2983,"",
2984,2984,"",
2985,2985,"",
2986,2986,"",
2987,2987,"",
2988,2988,"",
2989,2989,"",
2990,2990,"",
2991,2991,"",
2992,2992,"",
2993,2993,"",
2994,2994,"",
2995,2995,"",
2996,2996,"",
2997,2997,"",
2998,2998,"",
2999,2999,"",
3000,3000,"",
3001,3001,"",
3002,3002,"",
3003,3003,"",
3004,3004,"",
3005,3005,"",
3006,3006,"",
3007,3007,"",
3008,3008,"",
3009,3009,"",
3011,3011,"",
3018,3018,Handicap accessible,
3024,3024,Handicap accessible,
3027,3027,"",
3028,3028,"",
3032,3032,"",
3036,3036,Handicap accessible,
3037,3037,Handicap accessible,
3040,3040,"",
3044,3044,"",
3045,3045,"",
3047,3047,Handicap accessible,
3068,3068,"",
3071,3071,"",
3074,3074,"",
3075,3075,"",
3084,3084,"",
3085,3085,"",
3086,3086,"",
3087,3087,"",
3088,3088,"",
3090,3090,"",
3092,3092,"",
3093,3093,Handicap accessible,
3100,3100,"",
3109,3109,"",
3118,3118,"",
3119,3119,Handicap accessible,
3125,3125,"",
3126,3126,"",
3129,3129,Handicap accessible,
3138,3138,"",
3140,3140,"",
3141,3141,"",
3144,3144,Handicap accessible,
3145,3145,"",
3149,3149,Handicap accessible,
3150,3150,"",
3356,3356,Handicap accessible,
3358,3358,"",
3360,3360,"",
3361,3361,"",
3362,3362,Handicap accessible,
3366,3366,"",
3368,3368,"",
3371,3371,"",
3373,3373,"",
3374,3374,"",
3380,3380,"",
3381,3381,"",
3382,3382,Handicap accessible,
3383,3383,"",
3384,3384,"",
3385,3385,"",
3389,3389,"",
3391,3391,"",
3393,3393,"",
3400,3400,"",
3402,3402,"",
3410,3410,"",
3412,3412,"",
3423,3423,"",
3425,3425,"",
3429,3429,"",
3430,3430,Handicap accessible,
3433,3433,"",
3435,3435,"",
3437,3437,Handicap accessible,
3440,3440,"",
3444,3444,"",
3446,3446,"",
3447,3447,Handicap accessible,
3448,3448,Handicap accessible,
3456,3456,Handicap accessible,
3458,3458,"",
3463,3463,Handicap accessible,
3465,3465,"",
3467,3467,Handicap accessible,
3469,3469,"",
3470,3470,"",
3471,3471,"",
3472,3472,"",
3473,3473,"",
3474,3474,"",
3475,3475,"",
3477,3477,Handicap accessible,
3479,3479,"",
3483,3483,Handicap accessible,
3484,3484,"",
3486,3486,"",
3499,3499,Handicap accessible,
3501,3501,"",
3512,3512,"",
3513,3513,"",
3514,3514,"",
3515,3515,"",
3516,3516,"",
3517,3517,"",
3518,3518,"",
3519,3519,"",
3520,3520,"",
3522,3522,"",
3523,3523,Handicap accessible,
3531,3531,"",
3535,3535,Handicap accessible,
3536,3536,Handicap accessible,
3537,3537,"",
3920,3920,Handicap accessible,
3926,3926,"",
3928,3928,"",
3930,3930,"",
3940,3940,Handicap accessible,
3941,3941,"",
3948,3948,"",
3964,3964,"",
3966,3966,"",
3968,3968,"",
3970,3970,"",
3971,3971,"",
3972,3972,"",
3973,3973,Handicap accessible,
3978,3978,Handicap accessible,
3979,3979,Handicap accessible,
3980,3980,Handicap accessible,
3981,3981,Handicap accessible,
3982,3982,"",
3983,3983,"",
3987,3987,"",
3988,3988,"",
3989,3989,"",
3990,3990,"",
3993,3993,"",
3999,3999,"",
4008,4008,"",
4011,4011,"",
4016,4016,"",
4029,4029,"",
4031,4031,"",
4032,4032,"",
4034,4034,"",
4037,4037,Handicap accessible,
4042,4042,Handicap accessible,
4043,4043,Handicap accessible,
4045,4045,Handicap accessible,
4048,4048,Handicap accessible,
4050,4050,"",
4051,4051,"",
4052,4052,"",
4053,4053,Handicap accessible,
4057,4057,Handicap accessible,
4059,4059,Handicap accessible,
4060,4060,"",
4062,4062,"",
4063,4063,Handicap accessible,
4070,4070,"",
4072,4072,Handicap accessible,
4073,4073,"",
4075,4075,Handicap accessible,
4076,4076,Handicap accessible,
4079,4079,"",
4081,4081,"",
4088,4088,Handicap accessible,
4089,4089,Handicap accessible,
4091,4091,Handicap accessible,
4093,4093,Handicap accessible,
4287,4287,"",
4288,4288,"",
4289,4289,"",
4290,4290,"",
4291,4291,"",
4292,4292,Handicap accessible,
4294,4294,Handicap accessible,
4316,4316,"",
4317,4317,"",
4318,4318,"",
4325,4325,Handicap accessible,
4326,4326,Handicap accessible,
4327,4327,"",
4328,4328,"",
4337,4337,"",
4338,4338,"",
4343,4343,Handicap accessible,
4345,4345,Handicap accessible,
4350,4350,Handicap accessible,
4351,4351,Handicap accessible,
4355,4355,Handicap accessible,
4381,4381,"",
4382,4382,Handicap accessible,
4383,4383,Handicap accessible,
4385,4385,"",
4387,4387,"",
4389,4389,"",
4392,4392,Handicap accessible,
4394,4394,"",
4395,4395,"",
4396,4396,"",
4406,4406,Handicap accessible,
4413,4413,Handicap accessible,
4416,4416,Handicap accessible,
4417,4417,"",
4418,4418,Handicap accessible,
4419,4419,"",
4420,4420,Handicap accessible,
4421,4421,Handicap accessible,
4422,4422,Handicap accessible,
4424,4424,Handicap accessible,
4426,4426,"",
4427,4427,"",
4435,4435,"",
4436,4436,"",
4437,4437,"",
4438,4438,"",
4440,4440,"",
4441,4441,"",
4442,4442,"",
4443,4443,"",
4454,4454,"",
4458,4458,"",
4459,4459,"",
4467,4467,Handicap accessible,
4472,4472,Handicap accessible,
4486,4486,Handicap accessible,
4493,4493,Handicap accessible,
4691,4691,"",
4720,4720,Handicap accessible,
4791,4791,"",
4805,4805,Handicap accessible,
4806,4806,"",
4808,4808,"",
4813,4813,"",
4814,4814,"",
5067,5067,"",
5068,5068,"",
5071,5071,"",
5072,5072,"",
5073,5073,Handicap accessible,
5074,5074,"",
5079,5079,"",
5080,5080,"",
5082,5082,Handicap accessible,
5085,5085,"",
5086,5086,"",
5088,5088,"",
5089,5089,"",
5090,5090,"",
5091,5091,"",
5092,5092,"",
5097,5097,"",
5098,5098,"",
5100,5100,"",
5102,5102,Handicap accessible,
5107,5107,"",
5108,5108,"",
5109,5109,Handicap accessible,
5112,5112,Handicap accessible,
5113,5113,Handicap accessible,
5114,5114,Handicap accessible,
5115,5115,"",
5116,5116,"",
5118,5118,Handicap accessible,
5119,5119,Handicap accessible,
5121,5121,Handicap accessible,
5122,5122,Handicap accessible,
5124,5124,"",
5128,5128,"",
5129,5129,Handicap accessible,
5130,5130,Handicap accessible,
5132,5132,Handicap accessible,
5133,5133,"",
5134,5134,"",
5135,5135,"",
5136,5136,"",
5137,5137,"",
5139,5139,"",
5140,5140,"",
5145,5145,"",
5146,5146,"",
5147,5147,"",
5148,5148,"",
5149,5149,"",
5150,5150,"",
5151,5151,"",
5153,5153,"",
5155,5155,"",
5159,5159,"",
5167,5167,"",
5170,5170,"",
5171,5171,"",
5174,5174,"",
5175,5175,"",
5177,5177,"",
5178,5178,"",
5179,5179,Handicap accessible,
5184,5184,"",
5186,5186,"",
5188,5188,"",
5199,5199,"",
5203,5203,"",
5204,5204,"",
5205,5205,"",
5206,5206,"",
5367,5367,Handicap accessible,
5368,5368,Handicap accessible,
5369,5369,"",
5370,5370,"",
5372,5372,"",
5373,5373,"",
5374,5374,"",
5383,5383,Handicap accessible,
5386,5386,"",
5387,5387,Handicap accessible,
5388,5388,"",
5390,5390,"",
5392,5392,"",
5395,5395,Handicap accessible,
5397,5397,Handicap accessible,
5403,5403,Handicap accessible,
5406,5406,"",
5421,5421,"",
5422,5422,"",
5423,5423,Handicap accessible,
5431,5431,"",
5435,5435,"",
5436,5436,"",
5437,5437,"",
5438,5438,"",
5456,5456,"",
5459,5459,"",
5460,5460,"",
5461,5461,"",
5462,5462,"",
5463,5463,"",
5464,5464,"",
5467,5467,"",
5477,5477,"",
5478,5478,Handicap accessible,
5488,5488,Handicap accessible,
5489,5489,Handicap accessible,
5503,5503,"",
5506,5506,"",
5507,5507,"",
5509,5509,"",
5525,5525,Handicap accessible,
5527,5527,"",
5528,5528,"",
5532,5532,"",
5535,5535,"",
5536,5536,"",
5537,5537,"",
5539,5539,"",
5540,5540,"",
5541,5541,Handicap accessible,
5546,5546,"",
5547,5547,"",
5548,5548,"",
5549,5549,"",
5550,5550,"",
5551,5551,"",
5559,5559,Handicap accessible,
5560,5560,Handicap accessible,
5561,5561,Handicap accessible,
5562,5562,"",
5563,5563,Handicap accessible,
5566,5566,Handicap accessible,
5567,5567,"",
5568,5568,"",
5569,5569,"",
5570,5570,Handicap accessible,
5573,5573,Handicap accessible,
5574,5574,Handicap accessible,
5575,5575,Handicap accessible,
5576,5576,"",
6043,6043,Handicap accessible,
6044,6044,Handicap accessible,
6045,6045,Handicap accessible,
6054,6054,"",
6055,6055,"",
6060,6060,"",
6063,6063,"",
6065,6065,"",
6066,6066,"",
6068,6068,Handicap accessible,
6069,6069,Handicap accessible,
6070,6070,Handicap accessible,
6071,6071,Handicap accessible,
6072,6072,Handicap accessible,
6073,6073,Handicap accessible,
6081,6081,"",
6082,6082,"",
6083,6083,Handicap accessible,
6084,6084,Handicap accessible,
6085,6085,"",
6091,6091,"",
6095,6095,Handicap accessible,
6096,6096,Handicap accessible,
6098,6098,"",
6099,6099,Handicap accessible,
6101,6101,"",
6108,6108,"",
6117,6117,Handicap accessible,
6124,6124,"",
6125,6125,Handicap accessible,
6126,6126,Handicap accessible,
6127,6127,"",
6128,6128,Handicap accessible,
6129,6129,Handicap accessible,
6130,6130,Handicap accessible,
6131,6131,Handicap accessible,
6139,6139,"",
6146,6146,Handicap accessible,
6147,6147,"",
6149,6149,"",
6158,6158,Handicap accessible,
6159,6159,Handicap accessible,
6164,6164,Handicap accessible,
6186,6186,Handicap accessible,
6188,6188,Handicap accessible,
6192,6192,"",
6193,6193,"",
6216,6216,"",
6219,6219,Handicap accessible,
6221,6221,"",
6222,6222,"",
6223,6223,"",
6224,6224,"",
6226,6226,"",
6227,6227,"",
6228,6228,Handicap accessible,
6229,6229,Handicap accessible,
6233,6233,"",
6235,6235,"",
6236,6236,Handicap accessible,
6237,6237,"",
6240,6240,Handicap accessible,
6241,6241,Handicap accessible,
6242,6242,"",
6245,6245,"",
6439,6439,"",
6440,6440,"",
6441,6441,"",
6452,6452,"",
6453,6453,"",
6455,6455,Handicap accessible,
6458,6458,Handicap accessible,
6459,6459,Handicap accessible,
6465,6465,"",
6466,6466,Handicap accessible,
6467,6467,Handicap accessible,
6468,6468,Handicap accessible,
6471,6471,Handicap accessible,
6473,6473,Handicap accessible,
6475,6475,Handicap accessible,
6477,6477,Handicap accessible,
6478,6478,Handicap accessible,
6479,6479,"",
6482,6482,Handicap accessible,
6486,6486,"",
6488,6488,"",
6489,6489,"",
6490,6490,Handicap accessible,
6491,6491,Handicap accessible,
6492,6492,Handicap accessible,
6493,6493,Handicap accessible,
6495,6495,"",
6496,6496,"",
6497,6497,"",
6498,6498,"",
6499,6499,"",
6501,6501,"",
6503,6503,"",
6505,6505,"",
6506,6506,"",
6508,6508,"",
6510,6510,"",
6511,6511,"",
6517,6517,Handicap accessible,
6521,6521,Handicap accessible,
6524,6524,Handicap accessible,
6526,6526,"",
6529,6529,Handicap accessible,
6533,6533,Handicap accessible,
6540,6540,Handicap accessible,
6541,6541,"",
6542,6542,"",
6545,6545,"",
6546,6546,"",
6549,6549,"",
6550,6550,"",
6552,6552,"",
6554,6554,"",
6557,6557,"",
6559,6559,"",
6560,6560,"",
6659,6659,"",
6660,6660,"",
6661,6661,"",
6662,6662,"",
6666,6666,"",
6667,6667,"",
6668,6668,"",
6669,6669,"",
6670,6670,"",
6673,6673,"",
6674,6674,"",
6675,6675,"",
6678,6678,"",
6679,6679,"",
6680,6680,"",
6682,6682,Handicap accessible,
6683,6683,"",
6684,6684,"",
6688,6688,"",
6689,6689,"",
6692,6692,"",
6693,6693,"",
6694,6694,"",
6695,6695,"",
6698,6698,"",
6700,6700,"",
6702,6702,"",
6703,6703,"",
6705,6705,"",
6706,6706,"",
6707,6707,"",
6708,6708,"",
6713,6713,"",
6714,6714,"",
6716,6716,"",
6717,6717,"",
6718,6718,"",
6719,6719,"",
6720,6720,"",
6721,6721,"",
6724,6724,"",
6726,6726,"",
6727,6727,"",
6728,6728,"",
6729,6729,"",
6730,6730,"",
6731,6731,"",
6733,6733,"",
6734,6734,"",
6735,6735,"",
6736,6736,"",
6739,6739,"",
6743,6743,"",
6855,6855,"",
6856,6856,"",
6857,6857,"",
6858,6858,"",
6859,6859,"",
6860,6860,"",
6862,6862,Handicap accessible,
6863,6863,Handicap accessible,
6864,6864,Handicap accessible,
6866,6866,Handicap accessible,
6867,6867,Handicap accessible,
6870,6870,"",
6871,6871,"",
6872,6872,"",
6873,6873,"",
6874,6874,"",
6875,6875,"",
6876,6876,"",
6877,6877,"",
6878,6878,"",
6879,6879,"",
6880,6880,"",
6881,6881,"",
6882,6882,"",
6883,6883,"",
6885,6885,"",
6886,6886,"",
6889,6889,Handicap accessible,
6891,6891,Handicap accessible,
6892,6892,Handicap accessible,
6893,6893,Handicap accessible,
6894,6894,"",
6895,6895,"",
6896,6896,"",
6902,6902,"",
6903,6903,"",
6904,6904,"",
6907,6907,Handicap accessible,
6909,6909,"",
6911,6911,"",
6913,6913,Handicap accessible,
6914,6914,"",
6915,6915,"",
6917,6917,Handicap accessible,
6919,6919,"",
6920,6920,"",
6921,6921,"",
6924,6924,"",
6926,6926,"",
6927,6927,"",
6928,6928,"",
6929,6929,"",
6930,6930,"",
6931,6931,"",
6932,6932,"",
6934,6934,"",
6936,6936,"",
6938,6938,"",
6940,6940,"",
6944,6944,"",
6946,6946,"",
7043,7043,"",
7046,7046,"",
7048,7048,"",
7050,7050,Handicap accessible,
7051,7051,Handicap accessible,
7053,7053,Handicap accessible,
7059,7059,"",
7060,7060,"",
7062,7062,"",
7063,7063,"",
7064,7064,"",
7065,7065,"",
7066,7066,"",
7067,7067,"",
7068,7068,"",
7069,7069,Handicap accessible,
7070,7070,Handicap accessible,
7072,7072,"",
7073,7073,"",
7076,7076,Handicap accessible,
7077,7077,"",
7078,7078,Handicap accessible,
7080,7080,"",
7081,7081,"",
7082,7082,"",
7083,7083,"",
7084,7084,"",
7088,7088,Handicap accessible,
7091,7091,Handicap accessible,
7092,7092,"",
7094,7094,"",
7095,7095,"",
7096,7096,Handicap accessible,
7098,7098,"",
7102,7102,Handicap accessible,
7103,7103,Handicap accessible,
7104,7104,Handicap accessible,
7105,7105,Handicap accessible,
7106,7106,"",
7107,7107,"",
7108,7108,"",
7109,7109,"",
7110,7110,"",
7111,7111,"",
7112,7112,"",
7113,7113,"",
7114,7114,Handicap accessible,
7116,7116,Handicap accessible,
7117,7117,Handicap accessible,
7118,7118,"",
7120,7120,"",
7121,7121,"",
7122,7122,Handicap accessible,
7124,7124,"",
7127,7127,Handicap accessible,
7131,7131,Handicap accessible,
7135,7135,Handicap accessible,
7136,7136,Handicap accessible,
7137,7137,Handicap accessible,
7138,7138,Handicap accessible,
7139,7139,Handicap accessible,
7140,7140,Handicap accessible,
7141,7141,Handicap accessible,
7144,7144,Handicap accessible,
7146,7146,Handicap accessible,
7154,7154,Handicap accessible,
7274,7274,"",
7275,7275,"",
7276,7276,"",
7277,7277,"",
7278,7278,"",
7279,7279,"",
7280,7280,"",
7281,7281,"",
7282,7282,"",
7283,7283,"",
7284,7284,"",
7285,7285,"",
7286,7286,"",
7288,7288,"",
7289,7289,"",
7290,7290,"",
7291,7291,"",
7292,7292,"",
7297,7297,"",
7299,7299,"",
7302,7302,Handicap accessible,
7303,7303,Handicap accessible,
7304,7304,Handicap accessible,
7305,7305,Handicap accessible,
7306,7306,Handicap accessible,
7308,7308,Handicap accessible,
7309,7309,Handicap accessible,
7313,7313,Handicap accessible,
7314,7314,Handicap accessible,
7315,7315,"",
7316,7316,"",
7317,7317,"",
7320,7320,"",
7321,7321,"",
7322,7322,"",
7323,7323,Handicap accessible,
7328,7328,"",
7329,7329,"",
7330,7330,"",
7331,7331,"",
7332,7332,"",
7333,7333,"",
7334,7334,Handicap accessible,
7340,7340,Handicap accessible,
7341,7341,Handicap accessible,
7345,7345,"",
7346,7346,"",
7347,7347,Handicap accessible,
7352,7352,"",
7353,7353,"",
7355,7355,"",
7357,7357,Handicap accessible,
7363,7363,Handicap accessible,
7364,7364,Handicap accessible,
7463,7463,Handicap accessible,
7464,7464,"",
7465,7465,Handicap accessible,
7467,7467,Handicap accessible,
7473,7473,"",
7474,7474,"",
7475,7475,"",
7478,7478,"",
7485,7485,Handicap accessible,
7487,7487,Handicap accessible,
7488,7488,Handicap accessible,
7490,7490,"",
7491,7491,"",
7492,7492,Handicap accessible,
7493,7493,Handicap accessible,
7494,7494,"",
7495,7495,"",
7497,7497,"",
7498,7498,"",
7499,7499,"",
7500,7500,"",
7501,7501,"",
7503,7503,"",
7504,7504,"",
7509,7509,"",
7510,7510,"",
7511,7511,"",
7512,7512,"",
7513,7513,"",
7514,7514,"",
7516,7516,"",
7517,7517,"",
7518,7518,"",
7519,7519,"",
7521,7521,"",
7522,7522,Handicap accessible,
7524,7524,"",
7525,7525,"",
7526,7526,"",
7527,7527,"",
7531,7531,Handicap accessible,
7532,7532,Handicap accessible,
7535,7535,Handicap accessible,
7536,7536,Handicap accessible,
7537,7537,Handicap accessible,
7538,7538,"",
7539,7539,"",
7540,7540,Handicap accessible,
7541,7541,"",
7544,7544,Handicap accessible,
7546,7546,"",
7547,7547,"",
7548,7548,"",
7551,7551,"",
7552,7552,Handicap accessible,
7553,7553,Handicap accessible,
7554,7554,Handicap accessible,
7555,7555,Handicap accessible,
7556,7556,Handicap accessible,
7557,7557,Handicap accessible,
7558,7558,Handicap accessible,
7559,7559,Handicap accessible,
7560,7560,"",
7561,7561,"",
7562,7562,"",
7650,7650,"",
7651,7651,"",
7652,7652,"",
7653,7653,"",
7654,7654,"",
7655,7655,"",
7656,7656,"",
7657,7657,"",
7658,7658,"",
7659,7659,Handicap accessible,
7660,7660,Handicap accessible,
7661,7661,Handicap accessible,
7662,7662,Handicap accessible,
7663,7663,Handicap accessible,
7672,7672,"",
7673,7673,"",
7674,7674,Handicap accessible,
7677,7677,"",
7678,7678,Handicap accessible,
7680,7680,"",
7681,7681,Handicap accessible,
7682,7682,"",
7683,7683,"",
7684,7684,"",
7686,7686,"",
7690,7690,"",
7691,7691,"",
7693,7693,"",
7694,7694,Handicap accessible,
7695,7695,Handicap accessible,
7696,7696,Handicap accessible,
7697,7697,Handicap accessible,
7698,7698,Handicap accessible,
7699,7699,"",
7700,7700,Handicap accessible,
7701,7701,"",
7702,7702,"",
7703,7703,Handicap accessible,
7710,7710,"",
7712,7712,"",
7713,7713,Handicap accessible,
7714,7714,Handicap accessible,
7715,7715,"",
7716,7716,"",
7719,7719,Handicap accessible,
7721,7721,Handicap accessible,
7723,7723,Handicap accessible,
7724,7724,Handicap accessible,
7725,7725,Handicap accessible,
7726,7726,"",
7727,7727,Handicap accessible,
7728,7728,Handicap accessible,
7729,7729,"",
7730,7730,"",
7731,7731,Handicap accessible,
7734,7734,"",
7736,7736,Handicap accessible,
7737,7737,Handicap accessible,
7738,7738,Handicap accessible,
7740,7740,"",
7741,7741,"",
7742,7742,"",
7744,7744,"",
7745,7745,Handicap accessible,
7746,7746,Handicap accessible,
7747,7747,Handicap accessible,
7749,7749,"",
7752,7752,Handicap accessible,
7851,7851,"",
7856,7856,Handicap accessible,
7857,7857,"",
7861,7861,Handicap accessible,
7862,7862,"",
7863,7863,"",
7864,7864,Handicap accessible,
7865,7865,Handicap accessible,
7866,7866,Handicap accessible,
7867,7867,Handicap accessible,
7868,7868,Handicap accessible,
7872,7872,"",
7873,7873,"",
7874,7874,"",
7875,7875,Handicap accessible,
7876,7876,Handicap accessible,
7877,7877,"",
7878,7878,"",
7879,7879,"",
7881,7881,Handicap accessible,
7882,7882,Handicap accessible,
7883,7883,Handicap accessible,
7884,7884,"",
7894,7894,"",
7895,7895,"",
7896,7896,"",
7898,7898,"",
7899,7899,"",
7900,7900,"",
7901,7901,"",
7902,7902,"",
7903,7903,"",
7904,7904,"",
7905,7905,"",
7906,7906,"",
7907,7907,"",
7908,7908,"",
7909,7909,"",
7910,7910,Handicap accessible,
7911,7911,Handicap accessible,
7912,7912,"",
7914,7914,"",
7915,7915,"",
7917,7917,Handicap accessible,
7918,7918,Handicap accessible,
7919,7919,Handicap accessible,
7920,7920,Handicap accessible,
7921,7921,Handicap accessible,
7922,7922,Handicap accessible,
7923,7923,Handicap accessible,
7926,7926,"",
7928,7928,"",
7929,7929,"",
8001,8001,Handicap accessible,
8002,8002,Handicap accessible,
8003,8003,Handicap accessible,
8004,8004,"",
8005,8005,Handicap accessible,
8006,8006,Handicap accessible,
8007,8007,Handicap accessible,
8008,8008,Handicap accessible,
8009,8009,Handicap accessible,
8016,8016,Handicap accessible,
8017,8017,"",
8019,8019,Handicap accessible,
8020,8020,"",
8021,8021,Handicap accessible,
8022,8022,Handicap accessible,
8024,8024,"",
8027,8027,Handicap accessible,
8028,8028,"",
8029,8029,"",
8030,8030,"",
8031,8031,"",
8032,8032,"",
8033,8033,"",
8034,8034,"",
8035,8035,"",
8039,8039,"",
8040,8040,"",
8043,8043,"",
8044,8044,"",
8045,8045,"",
8047,8047,"",
8048,8048,"",
8049,8049,Handicap accessible,
8052,8052,"",
8055,8055,"",
8056,8056,"",
8057,8057,"",
8059,8059,"",
8062,8062,"",
8068,8068,"",
8071,8071,"",
8073,8073,"",
8074,8074,"",
8076,8076,"",
8077,8077,"",
8078,8078,"",
8079,8079,"",
8080,8080,"",
8082,8082,"",
8083,8083,"",
8084,8084,"",
8085,8085,"",
8086,8086,"",
8087,8087,"",
8089,8089,"",
8090,8090,"",
8092,8092,Handicap accessible,
8093,8093,"",
8095,8095,Handicap accessible,
8096,8096,"",
8097,8097,Handicap accessible,
8099,8099,Handicap accessible,
8100,8100,"",
8104,8104,"",
8105,8105,"",
8194,8194,Handicap accessible,
8195,8195,Handicap accessible,
8196,8196,"",
8197,8197,"",
8198,8198,"",
8199,8199,"",
8202,8202,"",
8203,8203,"",
8204,8204,"",
8206,8206,"",
8207,8207,"",
8209,8209,"",
8210,8210,Handicap accessible,
8211,8211,Handicap accessible,
8212,8212,Handicap accessible,
8213,8213,Handicap accessible,
8214,8214,Handicap accessible,
8215,8215,Handicap accessible,
8216,8216,"",
8218,8218,"",
8219,8219,Handicap accessible,
8220,8220,Handicap accessible,
8221,8221,"",
8222,8222,"",
8223,8223,"",
8224,8224,"",
8225,8225,"",
8226,8226,"",
8227,8227,"",
8228,8228,Handicap accessible,
8229,8229,"",
8232,8232,"",
8233,8233,Handicap accessible,
8234,8234,Handicap accessible,
8235,8235,"",
8236,8236,"",
8237,8237,Handicap accessible,
8238,8238,Handicap accessible,
8248,8248,"",
8249,8249,Handicap accessible,
8250,8250,Handicap accessible,
8251,8251,Handicap accessible,
8252,8252,Handicap accessible,
8254,8254,Handicap accessible,
8256,8256,Handicap accessible,
8257,8257,Handicap accessible,
8258,8258,Handicap accessible,
8261,8261,Handicap accessible,
8262,8262,"",
8263,8263,Handicap accessible,
8265,8265,Handicap accessible,
8266,8266,Handicap accessible,
8270,8270,"",
8273,8273,Handicap accessible,
8280,8280,Handicap accessible,
8283,8283,Handicap accessible,
8285,8285,Handicap accessible,
8286,8286,Handicap accessible,
8287,8287,Handicap accessible,
8288,8288,Handicap accessible,
8289,8289,Handicap accessible,
8292,8292,Handicap accessible,
8293,8293,Handicap accessible,
8294,8294,Handicap accessible,
8383,8383,"",
8384,8384,"",
8385,8385,"",
8386,8386,"",
8387,8387,"",
8388,8388,"",
8389,8389,"",
8390,8390,"",
8391,8391,"",
8392,8392,"",
8393,8393,"",
8394,8394,"",
8395,8395,"",
8397,8397,"",
8399,8399,"",
8400,8400,"",
8401,8401,"",
8402,8402,"",
8403,8403,Handicap accessible,
8404,8404,Handicap accessible,
8405,8405,"",
8406,8406,Handicap accessible,
8407,8407,Handicap accessible,
8408,8408,Handicap accessible,
8409,8409,Handicap accessible,
8411,8411,"",
8414,8414,"",
8415,8415,"",
8417,8417,"",
8418,8418,"",
8419,8419,"",
8420,8420,"",
8421,8421,"",
8422,8422,"",
8423,8423,"",
8424,8424,Handicap accessible,
8425,8425,Handicap accessible,
8426,8426,Handicap accessible,
8430,8430,"",
8431,8431,Handicap accessible,
8432,8432,Handicap accessible,
8433,8433,"",
8434,8434,"",
8435,8435,Handicap accessible,
8436,8436,Handicap accessible,
8437,8437,Handicap accessible,
8440,8440,Handicap accessible,
8441,8441,"",
8442,8442,"",
8446,8446,"",
8447,8447,"",
8448,8448,"",
8449,8449,"",
8450,8450,"",
8451,8451,"",
8452,8452,"",
8453,8453,Handicap accessible,
8455,8455,"",
8458,8458,"",
8459,8459,Handicap accessible,
8460,8460,Handicap accessible,
8461,8461,Handicap accessible,
8517,8517,Handicap accessible,
8518,8518,Handicap accessible,
8519,8519,Handicap accessible,
8520,8520,Handicap accessible,
8521,8521,Handicap accessible,
8522,8522,"",
8523,8523,"",
8524,8524,"",
8527,8527,Handicap accessible,
8528,8528,Handicap accessible,
8529,8529,Handicap accessible,
8530,8530,Handicap accessible,
8531,8531,Handicap accessible,
8532,8532,Handicap accessible,
8533,8533,Handicap accessible,
8534,8534,Handicap accessible,
8535,8535,Handicap accessible,
8536,8536,Handicap accessible,
8537,8537,Handicap accessible,
8538,8538,Handicap accessible,
8539,8539,Handicap accessible,
8540,8540,Handicap accessible,
8541,8541,Handicap accessible,
8542,8542,Handicap accessible,
8543,8543,"",
8544,8544,"",
8545,8545,"",
8546,8546,"",
8547,8547,Handicap accessible,
8548,8548,Handicap accessible,
8551,8551,"",
8552,8552,Handicap accessible,
8553,8553,Handicap accessible,
8554,8554,"",
8556,8556,Handicap accessible,
8557,8557,Handicap accessible,
8558,8558,Handicap accessible,
8559,8559,"",
8564,8564,Handicap accessible,
8565,8565,"",
8566,8566,"",
8568,8568,"",
8569,8569,Handicap accessible,
8570,8570,"",
8571,8571,Handicap accessible,
8572,8572,Handicap accessible,
8573,8573,Handicap accessible,
8574,8574,Handicap accessible,
8575,8575,Handicap accessible,
8576,8576,Handicap accessible,
8577,8577,Handicap accessible,
8579,8579,Handicap accessible,
8582,8582,Handicap accessible,
8583,8583,"",
8584,8584,Handicap accessible,
8585,8585,Handicap accessible,
8586,8586,Handicap accessible,
8659,8659,Handicap accessible,
8660,8660,Handicap accessible,
8662,8662,Handicap accessible,
8664,8664,Handicap accessible,
8666,8666,Handicap accessible,
8667,8667,Handicap accessible,
8668,8668,"",
8669,8669,Handicap accessible,
8670,8670,Handicap accessible,
8671,8671,Handicap accessible,
8672,8672,Handicap accessible,
8673,8673,Handicap accessible,
8675,8675,Handicap accessible,
8676,8676,Handicap accessible,
8677,8677,Handicap accessible,
8678,8678,Handicap accessible,
8679,8679,Handicap accessible,
8680,8680,Handicap accessible,
8681,8681,Handicap accessible,
8682,8682,"",
8683,8683,Handicap accessible,
8684,8684,Handicap accessible,
8686,8686,Handicap accessible,
8687,8687,"",
8688,8688,"",
8689,8689,Handicap accessible,
8690,8690,"",
8691,8691,Handicap accessible,
8692,8692,Handicap accessible,
8693,8693,Handicap accessible,
8694,8694,"",
8695,8695,Handicap accessible,
8696,8696,Handicap accessible,
8698,8698,Handicap accessible,
8699,8699,Handicap accessible,
8700,8700,Handicap accessible,
8701,8701,Handicap accessible,
8702,8702,Handicap accessible,
8703,8703,Handicap accessible,
8704,8704,Handicap accessible,
8705,8705,"",
8706,8706,"",
8707,8707,"",
8708,8708,Handicap accessible,
8709,8709,Handicap accessible,
8710,8710,"",
8711,8711,"",
8712,8712,Handicap accessible,
8713,8713,Handicap accessible,
8714,8714,Handicap accessible,
8715,8715,"",
8716,8716,"",
8717,8717,"",
8718,8718,"",
8719,8719,"",
8720,8720,"",
8722,8722,Handicap accessible,
8724,8724,Handicap accessible,
8725,8725,Handicap accessible,
8726,8726,Handicap accessible,
8727,8727,Handicap accessible,
8728,8728,Handicap accessible,
8729,8729,Handicap accessible,
8796,8796,Handicap accessible,
8797,8797,"",
8798,8798,"",
8799,8799,Handicap accessible,
8800,8800,Handicap accessible,
8801,8801,"",
8802,8802,Handicap accessible,
8804,8804,"",
8819,8819,Handicap accessible,
8820,8820,Handicap accessible,
8821,8821,Handicap accessible,
8822,8822,Handicap accessible,
8823,8823,Handicap accessible,
8824,8824,"",
8825,8825,"",
8826,8826,Handicap accessible,
8827,8827,Handicap accessible,
8828,8828,Handicap accessible,
8829,8829,"",
8830,8830,"",
8832,8832,"",
8833,8833,"",
8834,8834,Handicap accessible,
8835,8835,"",
8836,8836,Handicap accessible,
8837,8837,Handicap accessible,
8838,8838,"",
8839,8839,"",
8840,8840,Handicap accessible,
8841,8841,Handicap accessible,
8842,8842,Handicap accessible,
8843,8843,Handicap accessible,
8844,8844,Handicap accessible,
8845,8845,Handicap accessible,
8846,8846,Handicap accessible,
8847,8847,Handicap accessible,
8848,8848,Handicap accessible,
8849,8849,Handicap accessible,
8850,8850,Handicap accessible,
8851,8851,Handicap accessible,
8852,8852,Handicap accessible,
8853,8853,Handicap accessible,
8854,8854,Handicap accessible,
8855,8855,"",
8856,8856,Handicap accessible,
8858,8858,Handicap accessible,
8859,8859,Handicap accessible,
8860,8860,"",
8861,8861,"",
8863,8863,Handicap accessible,
8864,8864,"",
8865,8865,"",
8867,8867,"",
8868,8868,"",
8869,8869,"",
8871,8871,Handicap accessible,
8872,8872,Handicap accessible,
8873,8873,Handicap accessible,
8874,8874,Handicap accessible,
8941,8941,"",
8942,8942,"",
8943,8943,"",
8945,8945,"",
8946,8946,Handicap accessible,
8954,8954,"",
8955,8955,"",
8956,8956,Handicap accessible,
8959,8959,"",
8960,8960,"",
8963,8963,"",
8965,8965,"",
8968,8968,"",
8970,8970,"",
8971,8971,"",
8972,8972,"",
8973,8973,"",
8974,8974,Handicap accessible,
8976,8976,"",
8977,8977,"",
8978,8978,"",
8979,8979,Handicap accessible,
8980,8980,"",
8981,8981,Handicap accessible,
8982,8982,"",
8983,8983,"",
8984,8984,Handicap accessible,
8985,8985,Handicap accessible,
8986,8986,Handicap accessible,
8987,8987,Handicap accessible,
8988,8988,Handicap accessible,
8989,8989,Handicap accessible,
8990,8990,Handicap accessible,
8991,8991,Handicap accessible,
8993,8993,Handicap accessible,
8994,8994,Handicap accessible,
8995,8995,"",
8996,8996,Handicap accessible,
8997,8997,Handicap accessible,
8998,8998,"",
7753,7753,Handicap accessible,
7754,7754,"",
7756,7756,"",
7757,7757,"",
7758,7758,"",
7761,7761,"",
7762,7762,Handicap accessible,
7764,7764,Handicap accessible,
7765,7765,"",
7766,7766,"",
7767,7767,"",
7768,7768,"",
7769,7769,"",
7770,7770,"",
7771,7771,"",
7772,7772,Handicap accessible,
7773,7773,Handicap accessible,
7774,7774,"",
7775,7775,"",
7776,7776,"",
7777,7777,"",
7778,7778,"",
7779,7779,Handicap accessible,
7782,7782,Handicap accessible,
7783,7783,Handicap accessible,
7785,7785,Handicap accessible,
7787,7787,Handicap accessible,
7788,7788,Handicap accessible,
7789,7789,Handicap accessible,
7790,7790,Handicap accessible,
7792,7792,Handicap accessible,
7793,7793,"",
7795,7795,Handicap accessible,
7802,7802,Handicap accessible,
7808,7808,Handicap accessible,
7809,7809,Handicap accessible,
7810,7810,Handicap accessible,
7811,7811,Handicap accessible,
7813,7813,"",
7814,7814,"",
7816,7816,Handicap accessible,
7818,7818,Handicap accessible,
7820,7820,Handicap accessible,
7821,7821,Handicap accessible,
7822,7822,Handicap accessible,
7823,7823,Handicap accessible,
7824,7824,"",
7825,7825,"",
7827,7827,"",
7828,7828,"",
7829,7829,"",
7831,7831,Handicap accessible,
7837,7837,"",
7838,7838,"",
7839,7839,"",
7840,7840,"",
7841,7841,"",
7842,7842,"",
7843,7843,Handicap accessible,
7844,7844,Handicap accessible,
7847,7847,Handicap accessible,
7848,7848,Handicap accessible,
7849,7849,Handicap accessible,
7930,7930,"",
7931,7931,"",
7932,7932,"",
7933,7933,"",
7934,7934,"",
7935,7935,"",
7938,7938,"",
7939,7939,"",
7940,7940,"",
7941,7941,Handicap accessible,
7943,7943,"",
7944,7944,"",
7945,7945,"",
7946,7946,"",
7947,7947,"",
7948,7948,"",
7949,7949,"",
7951,7951,Handicap accessible,
7952,7952,"",
7953,7953,"",
7954,7954,"",
7956,7956,Handicap accessible,
7960,7960,Handicap accessible,
7964,7964,Handicap accessible,
7966,7966,"",
7967,7967,Handicap accessible,
7968,7968,"",
7971,7971,Handicap accessible,
7973,7973,"",
7974,7974,"",
7975,7975,"",
7976,7976,"",
7977,7977,"",
7978,7978,"",
7979,7979,Handicap accessible,
7980,7980,Handicap accessible,
7981,7981,Handicap accessible,
7982,7982,Handicap accessible,
7984,7984,"",
7985,7985,"",
7986,7986,"",
7988,7988,"",
7989,7989,Handicap accessible,
7990,7990,Handicap accessible,
7992,7992,"",
7993,7993,"",
7994,7994,"",
7995,7995,Handicap accessible,
7996,7996,Handicap accessible,
7997,7997,"",
7998,7998,Handicap accessible,
7999,7999,Handicap accessible,
8000,8000,Handicap accessible,
8106,8106,"",
8107,8107,Handicap accessible,
8108,8108,Handicap accessible,
8109,8109,"",
8110,8110,Handicap accessible,
8111,8111,Handicap accessible,
8112,8112,"",
8113,8113,Handicap accessible,
8114,8114,"",
8115,8115,Handicap accessible,
8116,8116,Handicap accessible,
8117,8117,Handicap accessible,
8118,8118,Handicap accessible,
8119,8119,Handicap accessible,
8121,8121,Handicap accessible,
8125,8125,Handicap accessible,
8126,8126,Handicap accessible,
8129,8129,Handicap accessible,
8131,8131,Handicap accessible,
8133,8133,"",
8134,8134,"",
8135,8135,Handicap accessible,
8136,8136,Handicap accessible,
8137,8137,Handicap accessible,
8138,8138,Handicap accessible,
8139,8139,Handicap accessible,
8140,8140,Handicap accessible,
8141,8141,"",
8142,8142,"",
8143,8143,"",
8144,8144,"",
8146,8146,"",
8147,8147,Handicap accessible,
8148,8148,Handicap accessible,
8149,8149,"",
8151,8151,"",
8153,8153,Handicap accessible,
8158,8158,Handicap accessible,
8160,8160,Handicap accessible,
8161,8161,"",
8162,8162,"",
8163,8163,"",
8164,8164,Handicap accessible,
8165,8165,"",
8166,8166,Handicap accessible,
8167,8167,"",
8168,8168,Handicap accessible,
8170,8170,Handicap accessible,
8171,8171,"",
8172,8172,Handicap accessible,
8173,8173,"",
8174,8174,"",
8175,8175,"",
8176,8176,"",
8177,8177,"",
8178,8178,"",
8179,8179,"",
8180,8180,"",
8182,8182,"",
8183,8183,Handicap accessible,
8184,8184,"",
8186,8186,"",
8295,8295,Handicap accessible,
8298,8298,Handicap accessible,
8299,8299,Handicap accessible,
8300,8300,Handicap accessible,
8303,8303,"",
8304,8304,"",
8305,8305,Handicap accessible,
8306,8306,Handicap accessible,
8307,8307,Handicap accessible,
8308,8308,"",
8309,8309,"",
8311,8311,Handicap accessible,
8312,8312,Handicap accessible,
8313,8313,"",
8314,8314,"",
8315,8315,"",
8316,8316,"",
8317,8317,"",
8318,8318,"",
8319,8319,"",
8320,8320,"",
8322,8322,Handicap accessible,
8323,8323,"",
8325,8325,"",
8326,8326,Handicap accessible,
8327,8327,Handicap accessible,
8328,8328,Handicap accessible,
8329,8329,Handicap accessible,
8335,8335,Handicap accessible,
8336,8336,"",
8337,8337,Handicap accessible,
8338,8338,"",
8339,8339,"",
8340,8340,"",
8341,8341,"",
8343,8343,"",
8344,8344,"",
8345,8345,"",
8348,8348,Handicap accessible,
8350,8350,"",
8352,8352,Handicap accessible,
8353,8353,"",
8354,8354,"",
8355,8355,"",
8356,8356,Handicap accessible,
8357,8357,Handicap accessible,
8361,8361,Handicap accessible,
8362,8362,Handicap accessible,
8363,8363,Handicap accessible,
8364,8364,Handicap accessible,
8366,8366,Handicap accessible,
8367,8367,Handicap accessible,
8368,8368,Handicap accessible,
8369,8369,Handicap accessible,
8371,8371,Handicap accessible,
8372,8372,Handicap accessible,
8374,8374,"",
8376,8376,"",
8377,8377,Handicap accessible,
8379,8379,"",
8380,8380,"",
8381,8381,"",
8382,8382,"",
8462,8462,Handicap accessible,
8463,8463,Handicap accessible,
8464,8464,Handicap accessible,
8465,8465,Handicap accessible,
8466,8466,Handicap accessible,
8467,8467,Handicap accessible,
8468,8468,Handicap accessible,
8469,8469,Handicap accessible,
8470,8470,Handicap accessible,
8471,8471,Handicap accessible,
8472,8472,Handicap accessible,
8473,8473,Handicap accessible,
8474,8474,Handicap accessible,
8475,8475,Handicap accessible,
8476,8476,Handicap accessible,
8477,8477,Handicap accessible,
8478,8478,Handicap accessible,
8479,8479,Handicap accessible,
8480,8480,Handicap accessible,
8481,8481,Handicap accessible,
8482,8482,Handicap accessible,
8483,8483,Handicap accessible,
8484,8484,Handicap accessible,
8485,8485,Handicap accessible,
8486,8486,Handicap accessible,
8487,8487,"",
8488,8488,Handicap accessible,
8489,8489,"",
8490,8490,Handicap accessible,
8491,8491,Handicap accessible,
8492,8492,Handicap accessible,
8493,8493,Handicap accessible,
8494,8494,Handicap accessible,
8495,8495,Handicap accessible,
8496,8496,Handicap accessible,
8497,8497,Handicap accessible,
8498,8498,Handicap accessible,
8499,8499,Handicap accessible,
8500,8500,Handicap accessible,
8501,8501,Handicap accessible,
8502,8502,Handicap accessible,
8503,8503,Handicap accessible,
8504,8504,Handicap accessible,
8505,8505,Handicap accessible,
8506,8506,Handicap accessible,
8507,8507,Handicap accessible,
8509,8509,Handicap accessible,
8510,8510,Handicap accessible,
8511,8511,Handicap accessible,
8512,8512,Handicap accessible,
8513,8513,Handicap accessible,
8514,8514,Handicap accessible,
8515,8515,Handicap accessible,
8516,8516,Handicap accessible,
8587,8587,Handicap accessible,
8588,8588,Handicap accessible,
8592,8592,Handicap accessible,
8594,8594,"",
8595,8595,Handicap accessible,
8597,8597,Handicap accessible,
8598,8598,Handicap accessible,
8599,8599,Handicap accessible,
8600,8600,Handicap accessible,
8601,8601,Handicap accessible,
8602,8602,Handicap accessible,
8609,8609,Handicap accessible,
8610,8610,Handicap accessible,
8612,8612,Handicap accessible,
8613,8613,Handicap accessible,
8614,8614,Handicap accessible,
8616,8616,"",
8619,8619,Handicap accessible,
8620,8620,Handicap accessible,
8621,8621,Handicap accessible,
8622,8622,Handicap accessible,
8623,8623,Handicap accessible,
8624,8624,Handicap accessible,
8625,8625,Handicap accessible,
8626,8626,Handicap accessible,
8627,8627,Handicap accessible,
8628,8628,Handicap accessible,
8629,8629,Handicap accessible,
8630,8630,Handicap accessible,
8631,8631,Handicap accessible,
8632,8632,Handicap accessible,
8633,8633,Handicap accessible,
8634,8634,Handicap accessible,
8635,8635,Handicap accessible,
8636,8636,Handicap accessible,
8637,8637,Handicap accessible,
8638,8638,Handicap accessible,
8639,8639,Handicap accessible,
8640,8640,Handicap accessible,
8641,8641,Handicap accessible,
8642,8642,Handicap accessible,
8643,8643,Handicap accessible,
8644,8644,Handicap accessible,
8645,8645,Handicap accessible,
8646,8646,Handicap accessible,
8647,8647,Handicap accessible,
8648,8648,Handicap accessible,
8649,8649,Handicap accessible,
8650,8650,Handicap accessible,
8651,8651,Handicap accessible,
8653,8653,Handicap accessible,
8654,8654,Handicap accessible,
8655,8655,"",
8656,8656,"",
8657,8657,Handicap accessible,
8658,8658,Handicap accessible,
8730,8730,Handicap accessible,
8731,8731,Handicap accessible,
8732,8732,Handicap accessible,
8733,8733,Handicap accessible,
8734,8734,Handicap accessible,
8735,8735,"",
8736,8736,Handicap accessible,
8737,8737,Handicap accessible,
8738,8738,Handicap accessible,
8739,8739,Handicap accessible,
8740,8740,Handicap accessible,
8741,8741,"",
8742,8742,Handicap accessible,
8743,8743,Handicap accessible,
8744,8744,Handicap accessible,
8745,8745,Handicap accessible,
8746,8746,"",
8747,8747,"",
8748,8748,Handicap accessible,
8749,8749,Handicap accessible,
8750,8750,Handicap accessible,
8751,8751,Handicap accessible,
8752,8752,Handicap accessible,
8753,8753,Handicap accessible,
8754,8754,Handicap accessible,
8755,8755,Handicap accessible,
8756,8756,Handicap accessible,
8757,8757,"",
8758,8758,Handicap accessible,
8759,8759,Handicap accessible,
8760,8760,Handicap accessible,
8761,8761,Handicap accessible,
8762,8762,Handicap accessible,
8763,8763,Handicap accessible,
8765,8765,Handicap accessible,
8766,8766,Handicap accessible,
8767,8767,"",
8768,8768,Handicap accessible,
8769,8769,Handicap accessible,
8770,8770,Handicap accessible,
8771,8771,Handicap accessible,
8772,8772,Handicap accessible,
8773,8773,Handicap accessible,
8776,8776,"",
8777,8777,Handicap accessible,
8778,8778,Handicap accessible,
8779,8779,Handicap accessible,
8780,8780,Handicap accessible,
8781,8781,"",
8782,8782,"",
8783,8783,"",
8784,8784,"",
8785,8785,"",
8786,8786,Handicap accessible,
8787,8787,Handicap accessible,
8793,8793,Handicap accessible,
8794,8794,Handicap accessible,
8795,8795,Handicap accessible,
8875,8875,"",
8876,8876,"",
8877,8877,"",
8878,8878,"",
8879,8879,"",
8880,8880,"",
8881,8881,"",
8882,8882,"",
8883,8883,"",
8885,8885,"",
8886,8886,"",
8887,8887,"",
8888,8888,"",
8889,8889,"",
8890,8890,Handicap accessible,
8891,8891,"",
8892,8892,"",
8893,8893,Handicap accessible,
8894,8894,"",
8895,8895,"",
8896,8896,"",
8897,8897,Handicap accessible,
8898,8898,"",
8899,8899,"",
8900,8900,"",
8901,8901,"",
8902,8902,"",
8903,8903,"",
8904,8904,"",
8906,8906,"",
8907,8907,Handicap accessible,
8908,8908,Handicap accessible,
8909,8909,Handicap accessible,
8910,8910,"",
8911,8911,"",
8912,8912,Handicap accessible,
8914,8914,"",
8915,8915,"",
8916,8916,Handicap accessible,
8917,8917,Handicap accessible,
8918,8918,"",
8919,8919,"",
8921,8921,"",
8922,8922,Handicap accessible,
8923,8923,Handicap accessible,
8924,8924,Handicap accessible,
8925,8925,"",
8926,8926,"",
8927,8927,"",
8928,8928,Handicap accessible,
8929,8929,Handicap accessible,
8930,8930,"",
8931,8931,Handicap accessible,
8932,8932,Handicap accessible,
8933,8933,"",
8934,8934,"",
8935,8935,Handicap accessible,
8936,8936,Handicap accessible,
8937,8937,Handicap accessible,
8938,8938,"",
8939,8939,"",
