id,name,taxonomy_facet,parent_id,parent_name,vocabulary
PN-8100.4500-240,Gay/Lesbian/Bisexual/Transgender Support Groups,Organization/Facility Type,,,
NL-6000.2000-220,Food Stamps/SNAP Applications,Named Programs,,,
ND-6500,Training and Employment Programs,Service,,,
LH-3000,Health Insurance/Dental Coverage,Service,,,
TA-5500.3000-450,Local/Regional History Museums,Organization/Facility Type,,,
JR-8200.9500,Water Safety Education,Service,,,
TH-2600,Disaster Relief Services,Service,,,
FT-4500.1800,Eviction Prevention Legal Assistance,Service,,,
RX-1750,DUI Offender Programs,Service,,,
PL-7000,Recreational Activities/Sports,Service,,,
PX,Volunteer Opportunities,Service,,,
RP-1400.8000-805,Sexual Orientation Counseling,Service,,,
PH-1000,Case/Care Management,Service,,,
TJ-3000.8000,Specialized Information and Referral,Service,,,
LH-2700,Health Education,Service,,,
TJ-3000.8500-850,211 Lead Agencies,Organization/Facility Type,,,
LR-6200.6500,Pediatric Occupational Therapy,Service,,,
DD-1500.4550,Home Improvement/Repair Complaints,Service,,,
BH-8400.3000,Homeless Permanent Supportive Housing,Organization/Facility Type,,,
PH-1400.1000,Buddy Programs,Service,,,
PH-1400,Companionship,Service,,,
BH-8600,Transitional Housing/Shelter,Service,,,
DD-1500.4150,Government Complaints/Government Ombudsman Offices,Organization/Facility Type,,,
TJ-3000,Information and Referral,Service,,,
LR-1700,Early Intervention for Children With Disabilities/Delays,Service,,,
PH-1250.1800,Extended Child Care,Service,,,
PN-8100.3000,Health/Disability Related Support Groups,Organization/Facility Type,,,
PN-8100.1000,Bereavement Support Groups,Organization/Facility Type,,,
LR-6600,Physical Therapy,Service,,,
HD-8000.1800-500,Middle Schools,Organization/Facility Type,,,
FT-3600,Immigration/Naturalization Legal Services,Service,,,
HH-8000,Special Education,Service,,,
RX-8450.6600-650,Perinatal Drug Use Disorder Treatment,Service,,,
PL-7400.5500-570,Musical Instrument Instruction,Service,,,
RM-6500.1500,Community Mental Health Agencies,Organization/Facility Type,,,
LF-4900.1500-120,Breast Examinations,Service,,,
LF-4900.1500-650,Pap Tests,Service,,,
TJ-6500,Public Awareness/Education,Service,,,
FF-0500.1800,Diversion Programs,Service,,,
PS-9800,Youth Development,Service,,,
RP-1400.8000-800,Sexual Assault Counseling,Service,,,
LR-8000.8000-820,Speech Therapy,Service,,,
RX-8450.5000-510,Methadone Clinics,Service,,,
PN-8100.1000-100,Bereaved Parent Support Groups,Organization/Facility Type,,,
RP-1400.8000-070,Anger Management,Service,,,
LF-5350.6500,Paternity/Maternity Establishment,Service,,,
PS-9800.9900,Youth Enrichment Programs,Service,,,
TL-3650.2000-200,Foreign Disaster Information,Service,,,
ND-2000.3500,Job Training Formats,Modality/Delivery Format,,,
FP-0500,Advocacy,Modality/Delivery Format,,,
TD-1200.1800,Federated Giving Programs,Organization/Facility Type,,,
RP-5000.1500,Clinical Psychiatric Evaluation,Service,,,
PH-1000.8500,Transitional Case/Care Management,Service,,,
ND-3500.3600,Job Search/Placement,Service,,,
NL-1000.7000,Refugee/Entrant Cash Assistance,Named Programs,,,
TJ-3000.1500,Comprehensive Information and Referral,Service,,,
JR-8200.2000,Fire Prevention Information,Service,,,
PN-8100.0500-070,Alcohol Use Disorder Support Groups,Organization/Facility Type,,,
LJ-5000.1000,Breastfeeding Support Programs,Service,,,
NS-1800.9000,Veteran Compensation and Pension Benefits,Named Programs,,,
PD-6250.0750-180,Dog Obedience Classes,Service,,,
LT-9500.9550,Weight Loss Assistance,Service,,,
PN-8100.0500-900,Weight Related Support Groups,Organization/Facility Type,,,
LT-1750.1750,Diabetes Management Clinics,Service,,,
RX-8500.6500-050,Alcohol Use Related Recovery Homes/Halfway Houses,Organization/Facility Type,,,
LL-3000.1450,Children's Hospitals,Organization/Facility Type,,,
TD-1600.3100-800,Senior Advocacy Groups,Organization/Facility Type,,,
HH-0500.8000-150,English as a Second Language,Service,,,
FP-0500.2500,Group Advocacy,Modality/Delivery Format,,,
RX-8500.6500-180,Drug Use Related Recovery Homes/Halfway Houses,Organization/Facility Type,,,
LH-2700.1700,Disease/Disability Information,Service,,,
RP-6400.8000-300,Home Based Mental Health Services,Service,,,
DD-1500.9650,Utility Service Complaints,Service,,,
HH-0500.1500,Citizenship Education,Service,,,
RP-1400.8000-650,Parent Counseling,Service,,,
PH-6100,Parenting Education,Service,,,
LR-8000.0500-050.05,Auditory/Oral Training,Service,,,
TC-5500.8000,Senior Centers,Organization/Facility Type,,,
BD-5000.1500,Congregate Meals/Nutrition Sites,Service,,,
FT-3600.3300,Immigrant Visa Application Filing Assistance,Service,,,
RP-1400.8000-825,Suicide Counseling,Service,,,
TD-1600.3100-250,Gay/Lesbian/Bisexual/Transgender Advocacy Groups,Organization/Facility Type,,,
RP-1500.1400-800,Suicide Prevention Hotlines,Service,,,
FT-8000.2500,General Education Advocacy,Service,,,
PD-7600.0100,Animal Adoption,Service,,,
RF-2000,Family Counseling,Modality/Delivery Format,,,
PD-7600.0600,Animal Shelters,Organization/Facility Type,,,
RP-1400.8000-050,Adolescent/Youth Counseling,Service,,,
LL-3000.1500,City/County Hospitals,Organization/Facility Type,,,
DD,Consumer Assistance and Protection,Service,,,
PH-6100.6800,Parenting Skills Classes,Service,,,
JR-1900.2000,Fire Control/Extinction,Service,,,
ND-6500.8120,Supported Employment,Service,,,
LH-5100.6500,Prescription Expense Assistance,Service,,,
LJ-2000.6750,Pregnancy Testing,Service,,,
PL-7400.1550,Cooking Classes,Service,,,
LV-1600,Dental Care,Service,,,
RF-3300,Individual Counseling,Modality/Delivery Format,,,
HH-4500.2000,Family Literacy Programs,Service,,,
TJ-6500.8000,Speakers/Speakers Bureaus,Service,,,
LL-6000,Nursing Facilities,Organization/Facility Type,,,
LT-1750.7935,Sexual Assault Treatment,Service,,,
PH-1250.1400,Child Care Centers,Organization/Facility Type,,,
NL-6000.9500,WIC,Named Programs,,,
LJ-5000.1500,Childbirth Education,Service,,,
LJ-5000.6600,Prenatal Care,Service,,,
LJ-2000,Family Planning,Service,,,
TI-1800.0700,Animal Food/Supplies Donation Programs,Service,,,
LV-5700,Neuropsychiatry/Neuropsychology,Service,,,
RD-1500,Cognitive Behavioral Therapy,Service,,,
RD-2500,Gestalt Therapy,Service,,,
RP-1400.8000-175,Divorce Counseling,Service,,,
LN-1500,Community Clinics,Organization/Facility Type,,,
LV-6000.2550,Gynecology Services,Service,,,
TH-1700.8000,Special Needs Registries,Programs that maintain information about people who may require ,,,
LV-6000.1000,Breast Care Centers,Organization/Facility Type,,,
FT-1000.8900,Unemployment Insurance Benefits Assistance,Service,,,
PH-0320,Adult Day Programs,Service,,,
HL-2000.8000,Special Education Assessment,Service,,,
LJ-5000,Mother and Infant Care,Service,,,
RM-6500,Outpatient Mental Health Facilities,Organization/Facility Type,,,
FT-6900.2500,Guardianship Assistance,Service,,,
LF-7100.2500,General Physical Examinations,Service,,,
RD-6800.6500,Psychotherapy/Psychoanalysis,Service,,,
RF-2500,Group Counseling,Modality/Delivery Format,,,
RM-6500.6500,Private Therapy Practices,Organization/Facility Type,,,
PL-6400.1500-820,Summer Camps,Service,,,
DF-4500,Licensing/Certification/Accreditation,Service,,,
DD-1500,Consumer Complaints,Service,,,
ND-2000.1500-160,Career Counseling,Service,,,
HH-9000,Vocational Education,Service,,,
BH-8400.6000-060,Assisted Living Facilities,Organization/Facility Type,,,
FP-0500.7800,Self Advocacy Support,Modality/Delivery Format,,,
LT-3400.0100,Adolescent/Adult Immunizations,Service,,,
LH-3500.5000,Medicare Information/Counseling,Named Programs,,,
PH-7000,Respite Care,Service,,,
BT-4500.4700-500,Local Bus Transit Services,Service,,,
BT-4500.6500-280,General Paratransit/Community Ride Programs,Service,,,
LT-3400.1500,Childhood Immunizations,Service,,,
FN-1500.1900-800,Spouse/Intimate Partner Abuse Prevention,Service,,,
PH-3300.3000,Homemaker Assistance,Service,,,
NL-6000.2000,Food Stamps/SNAP,Named Programs,,,
NS-8000,Social Health Insurance,Service,,,
PH-2950.8500-870,Thanksgiving Meals,Service,,,
LT-1750.0500,AIDS/HIV Clinics,Service,,,
LF-4900.2400,HIV Testing,Service,,,
LH-0500.0900-100,Blood Banks,Organization/Facility Type,,,
HH-4500,Literacy Programs,Service,,,
HD-1800,Early Childhood Education,Service,,,
HL-3010.6500,Parent/Family Involvement in Education,Service,,,
BM-6500.6500-650,Personal/Grooming Supplies,Service,,,
BD-5000.3500,Home Delivered Meals,Service,,,
HD-1800.6500,Preschools,Organization/Facility Type,,,
BT-4500.4700-800,Senior Center Bus Services,Service,,,
TQ-1800,Elections/Election Campaigns,Service,,,
PH-6200.4600,Life Skills Education,Service,,,
PH-1800.4600,Locator Aids,Service,,,
LF-7300.2000-260,Fetal Ultrasound,Service,,,
RP-1500.3300,In Person Crisis Intervention,Service,,,
LH-2700.6000-300,Healthy Eating Programs,Service,,,
HL-8120.7800-200,Free School Supplies,Service,,,
NL-5000.5000,Medicaid,Named Programs,,,
TB-0700.2200,Funding,Service,,,
PN-8100.0500,Addictions/Substance Use Disorder Support Groups,Organization/Facility Type,,,
PH-6500.0500-180,Elder/Dependent Adult Abuse Reporting,Service,,,
HD-1800.3000,Head Start,Named Programs,,,
DF-7000.1200,Birth Certificates,Service,,,
DF-7000.1700-300,Death Certificates,Service,,,
TI-1800.6700,Personal/Grooming Supplies Donation Programs,Service,,,
TD-1600.2600,Homelessness Advocacy Groups,Organization/Facility Type,,,
RP-1500.1400-700,Runaway/Homeless Youth Helplines,Service,,,
HL-8120.8030,Student Health Programs,Service,,,
RP-1500.1400-180,Crisis Pregnancy Hotlines,Service,,,
RP-1500.1400-200,Domestic Violence Hotlines,Service,,,
RP-1500.1400-250,General Crisis Intervention Hotlines,Service,,,
RP-1500.1400-500,Mental Health Hotlines,Service,,,
RP-1500.1400-750,Sexual Assault Hotlines,Service,,,
DM-2000,Financial Management Workshops,Service,,,
RP-1400.2500,General Counseling Services,Service,,,
TH-2900.1700-160,Disaster Donations Hotlines,Service,,,
TI-1800.8100,School Supplies Donation Programs,Service,,,
RR-5150.5000-700,Runaway Prevention Programs,Service,,,
PH-2360.2400,Family Support Centers/Outreach,Organization/Facility Type,,,
BM-6500.1500-100,Baby Clothing,Service,,,
BD-1800.2000-640,Ongoing Emergency Food Assistance,Service,,,
DD-1500.4280-600,Nursing Facility Complaints,Service,,,
FF-1900,Ex-Offender Reentry Programs,Service,,,
J,Environment and Public Health/Safety,Service,,,
N,Income Support and Employment,Service,,,
BH-8400.6000-280,Group Residences for Adults With Disabilities,Organization/Facility Type,,,
PX-2300.8030,Street Outreach Volunteer Opportunities,Service,,,
JR-8200.6500-350,Infant and Child Safety Education,Service,,,
BM-6500.1500-250,General Clothing Provision,Service,,,
JD-1500.9600-960,Wildlife Rescue/Relocation,Service,,,
RP-1400.8000-250,Gambling Addiction Counseling/Treatment,Service,,,
PH-6100.3300,Home Based Parenting Education,Service,,,
PH-6100.1800-680,Prenatal/Postnatal Home Visitation Programs,Service,,,
HD-8200,School Districts,Organization/Facility Type,,,
FT-3000.1600,Child Support Assistance/Enforcement,Service,,,
FP-0500.3300,Individual Advocacy,Modality/Delivery Format,,,
BD-1800.8200-250,Formula/Baby Food,Service,,,
RP-1400.8000-020.18,Child Sexual Abuse Counseling,Service,,,
FN-1700.1300,Child Sexual Exploitation Reporting,Service,,,
ND-9000,Vocational Rehabilitation,Service,,,
NL-1000.8500,TANF,Named Programs,,,
PL-8700.2000,Field Trips/Excursions,Service,,,
PH-3300.3220,In Home Meal Preparation,Service,,,
TH-1500.1600,County Offices of Emergency Services,Organization/Facility Type,,,
LD-1700,Emergency Room Care,Service,,,
DM-6500,Personal Financial Counseling,Service,,,
LH-0600.5000-970.50,Manual Wheelchairs,Service,,,
PL-7000.5800,Martial Arts,Service,,,
PX-1800.1500-250,Suicide Prevention Volunteer Opportunities,Service,,,
PX-1800.1500-200,Information and Referral Volunteer Opportunities,Service,,,
PX-1800.1500-150,Helpline Volunteer Opportunities,Service,,,
PX-1800.1500-100,Crisis Intervention Volunteer Opportunities,Service,,,
HD-0500.1700,Disciplinary Alternative Education Programs,Service,,,
LH-6600,Pharmacies,Organization/Facility Type,,,
LV-6800,Pediatrics,Service,,,
LH-3500,Health Insurance Information/Counseling,Service,,,
LH-2700.9500-100,Community Wellness Programs,Service,,,
LH-0600.5000-950,Walking Aids,Service,,,
ND-6500.1500,Comprehensive Disability Related Employment Programs,Service,,,
LR-3100.1800-190,Developmental Disabilities Social/Recreational Programs,Service,,,
BH-8400.6000-840,Supported Living Services for Adults With Disabilities,Service,,,
BH-8400.6000-350,Intermediate Care Facilities for Individuals With Developmental Disabilities,Organization/Facility Type,,,
PX-7000.7000,Recreational Activities Volunteer Opportunities,Service,,,
PX-1850.4000-030,Advocacy/Ombudsman Volunteer Opportunities,Service,,,
BH-3900.3050-180,Elderly/Disabled Home Rental Listings,Service,,,
BH-7000.4600-450,Low Income/Subsidized Private Rental Housing,Organization/Facility Type,,,
PL-7000.5800-870,Tae Kwon Do,Service,,,
BT-4500.4500,Local Automobile Transportation,Service,,,
BT-4500.6500-170,Disability Related Transportation,Service,,,
DM-1800.2000,Mortgage Delinquency and Default Counseling,Programs that provide assistance for people who are unable to ma,,,
TD-1600.3100-160,Constitutional/Civil Rights Groups,Organization/Facility Type,,,
FT-1800,Discrimination Assistance,Service,,,
RP-5000.5000-050,Anxiety Disorders Screening,Service,,,
FT-3600.1500,Comprehensive Immigration/Naturalization Services,Service,,,
FN-1500.2560,Human Trafficking Prevention,Service,,,
LF-4900.2000,Eye Screening,Service,,,
LF-4900.2150,Hearing Screening,Service,,,
LF-4900.4500,Lead Poisoning Screening,Service,,,
LF-4900.8600,Tuberculosis Screening,Service,,,
LF-5280,General Laboratory Tests,Service,,,
PS-8200.5000-250,Glee Clubs/Choir Groups,Organization/Facility Type,,,
DM-1800.1700,Debt Consolidation Services,Service,,,
BH-3700.3000,Homebuyer/Home Purchase Counseling,Service,,,
RP-6400.8000-660.15,Clubhouse Model Psychiatric Rehabilitation,Service,,,
LH-6300.9500,Wish Foundations,Organization/Facility Type,,,
TJ-6500.6300,Outreach Programs,Service,,,
RP-1500,Crisis Intervention,Service,,,
LH-6700.6400,Prescription Drugs for Specific Health Conditions,Service,,,
RP-1400.8000-100,Bereavement Counseling,Service,,,
RP-5000,Mental Health Evaluation,Service,,,
RX-8450.1150,Comprehensive Outpatient Substance Use Disorder Treatment,Service,,,
RM-7000.0500,Adult Residential Treatment Facilities,Organization/Facility Type,,,
TD-1100.1400,Community Action Agencies,Organization/Facility Type,,,
PH-1250.1700,Drop In Child Care,Service,,,
DD-1500.4150-450,Local Government Complaints/Ombudsman Offices,Organization/Facility Type,,,
FT-4950,Long Term Care Ombudsman Programs,Service,,,
PL-7400.1500,Computer and Related Technology Classes,Service,,,
BH-3800.7000,Rent Payment Assistance,Service,,,
LJ-8000.8500,Teen Pregnancy Prevention,Service,,,
BH-3500.3400-250,First Time Buyer Home Loans,Service,,,
LF-7000.1700,Developmental Assessment,Service,,,
PH-0300.0300,Adoption Counseling and Support,Service,,,
RP-5000.5000-260,General Mental Health Screening,Service,,,
RP-5000.6600,Psychosocial Evaluation,Service,,,
PH-7000.6000-060,Adult Out of Home Respite Care,Service,,,
PS-9800.1000,Boys/Girls Clubs,Organization/Facility Type,,,
FT-4200,Labor Relations,Service,,,
PH-1400.5000,Mentoring Programs,Service,,,
FC-8200,State Trial Courts,Organization/Facility Type,,,
TD-0300.8000,State Government Agencies/Departments,Organization/Facility Type,,,
FC-8200.1500,Civil State Trial Courts,Organization/Facility Type,,,
RM-3300.6500,Psychiatric Hospitals,Organization/Facility Type,,,
RP-6400.8000-600,Psychiatric Case Management,Service,,,
BH-3500.3400-300,Foreclosure Prevention Loan Modification/Refinancing Programs,Service,,,
FF-1500.3500,Juvenile Detention Facilities,Organization/Facility Type,,,
BV-8900.9300,Utility Service Payment Assistance,Service,,,
RX-8450.3300-300,Inpatient Alcohol Use Disorder Treatment Facilities,Organization/Facility Type,,,
TJ-4500.4500-750,Recordings for the Blind and Dyslexic,Service,,,
TJ-4500.8300-100,Braille Materials/Collections,Service,,,
TJ-4400.8100-180,Disability Related Libraries,Organization/Facility Type,,,
PH-6500.1500-600,Nondelinquent Juvenile Detention Facilities,Organization/Facility Type,,,
ND-1500,Comprehensive Job Assistance Centers,Organization/Facility Type,,,
LF-7000,Pediatric Evaluation,Service,,,
LL-3000.7800,Specialty Hospitals,Organization/Facility Type,,,
RP-8000.6600,Play Therapy,Service,,,
PN-8100,Support Groups,Organization/Facility Type,,,
BV-8900.9300-180,Electric Service Payment Assistance,Service,,,
RX-8450.3300-350,Inpatient Drug Use Disorder Treatment Facilities,Organization/Facility Type,,,
RX-1700.1700-330,Inpatient Drug Detoxification,Service,,,
RX-1700.1700-500,Opioid Detoxification,Service,,,
RX-1700.1700-650,Outpatient Drug Detoxification,Service,,,
FC-8200.1550,Criminal State Trial Courts,Organization/Facility Type,,,
DF-7000.2270,Foreclosure Records,Service,,,
TC-1700,Drop In Centers,Organization/Facility Type,,,
FT-3500.1500,Citizenship and Immigration Services Offices,Named Programs,,,
LL-3000.9000,Veterans Affairs Medical Centers,Organization/Facility Type,,,
LH-6300.3650-600,Patient/Family Housing,Organization/Facility Type,,,
RX-8470.8100,Smoking Cessation Support,Service,,,
RX-8450.7900,Smoking Cessation,Service,,,
LH-2700.6000,Nutrition Education,Service,,,
RD-3000.6750,Psychosocial Therapy,Service,,,
LJ-5000.0900,Breast Pumps,Service,,,
JR-8200.3000-340,Indoor Home Safety Education,Service,,,
JR-8200.8500-160,Child Passenger Safety Seat Inspections,Service,,,
JR-8400.1500,Child Passenger Safety Seats,Service,,,
BM-3000.2000-100,Baby Furniture,Service,,,
BT-8300,Transportation Expense Assistance,Service,,,
LH-2700.2900,Health Fairs,Service,,,
BH-1800.1500-100,Domestic Violence Shelters,Organization/Facility Type,,,
FN-1500.9100-180,Domestic Violence Intervention Programs,Service,,,
BD-1800,Emergency Food,Service,,,
BM-6500.1500,Clothing,Service,,,
PN-8100.0200-180,Domestic Violence Support Groups,Organization/Facility Type,,,
RP-1400.8000-020.15,Child Abuse Counseling,Service,,,
FN-1500.1900-150,Child Abuse Prevention,Service,,,
PN-8100.0200-100,Child Abuse Support Groups,Organization/Facility Type,,,
RP-1400.8000-020.80,Spouse/Intimate Partner Abuse Counseling,Service,,,
PH-1400.5000-100,Adult/Child Mentoring Programs,Service,,,
FF-0500.1800-300,Jail Diversion Programs for Mentally Ill Offenders,Service,,,
FC-8200.8100-900,Traffic Courts,Organization/Facility Type,,,
DT-8500.3300,Federal Tax Collection Agencies,Organization/Facility Type,,,
ND-3500.3700,Job Search Resource Centers,Organization/Facility Type,,,
TH-2900.1700-260,Disaster Related Goods Donations Management,Service,,,
RF-1500,Conjoint Counseling,Modality/Delivery Format,,,
PL-7400.5500,Music Instruction,Service,,,
RX-8470.8200,Substance Use Disorder Crisis Intervention,Service,,,
FN-1900.2500,General Crime Victim Assistance,Service,,,
DM-1500.1640,Credit Reporting Agencies,Organization/Facility Type,,,
FT-4800,Lawyer Referral Services,Service,,,
BH-1800.3500,Homeless Drop In Centers,Organization/Facility Type,,,
FC-8200.8100-170,Drug Courts,Organization/Facility Type,,,
RP-1500.1400-300,Human Trafficking Hotlines,Service,,,
TJ-3200.5000,Medical Information Lines,Service,,,
RP-1400.8000-500,Marriage Counseling,Service,,,
TJ-4500,Library Services,Service,,,
BD-5000.8300,Soup Kitchens,Organization/Facility Type,,,
LH-0500.6450,Organ Procurement Organizations,Organization/Facility Type,,,
JR-6000,911 Services,Service,,,
DF-7000.4590-550,911 Tapes,Service,,,
FN-1300,Crime Investigation,Service,,,
FF-1500,Correctional Facilities,Organization/Facility Type,,,
FF-3300.3500,Inmate Visitation Programs,Service,,,
LH-2700.0150,AIDS/HIV Prevention Counseling,Service,,,
TJ-8000.3000,Health Statistics,Service,,,
JP-1500.1700-800,Tuberculosis Control,Service,,,
LT-1750.9000,Tuberculosis Clinics,Service,,,
LF-4900.2200,Hepatitis Testing,Service,,,
RX-8250.8000,Tobacco Use Education/Prevention,Service,,,
TD-0300.1300,County Government Departments/Offices,Organization/Facility Type,,,
PH-1450.7000,Refugee Resettlement Services,Service,,,
TD-6500,Planning/Coordinating/Advisory Groups,Organization/Facility Type,,,
JP-1500.1700-050,AIDS/HIV Control,Service,,,
LN-5000,Mobile Health Care,Organization/Facility Type,,,
JP-1500.1700,Disease Specific Communicable Disease Control,Service,,,
LJ-8000,Sexuality/Reproductive Health Education,Service,,,
LF-4900.8000,Sexually Transmitted Disease Screening,Service,,,
LT-1750.8000,Sexually Transmitted Disease Treatment,Service,,,
LJ-2000.1000,Birth Control,Service,,,
PH-1000.4500,Long Term Case/Care Management,Service,,,
JR-8200.6500,Personal Safety Education,Service,,,
LV-2600,Family and Community Medicine,Service,,,
LV-3300,Internal Medicine,Service,,,
LN-9500,Women's Health Centers,Organization/Facility Type,,,
FT-3000.1750,Domestic/Family Violence Legal Services,Service,,,
FT-3000.6900,Protective/Restraining Orders,Programs that provide assistance for people who need to obtain l,,,
TJ-6500.8500,Subject Specific Public Awareness/Education,Service,,,
RP-1400.8000-160,Crime Victim/Witness Counseling,Service,,,
HH-4500.9500,Youth Literacy Programs,Service,,,
ND-2000.3500-150,Classroom Training,Modality/Delivery Format,,,
FT-1000.9700,Workers Compensation Benefits Assistance,Service,,,
JP-6500.6500,Pest Control Services,Service,,,
PD-7600.0500,Animal Rescue,Service,,,
FF-3300.6400,Prison Ministries,Service,,,
TR-1000.5000,Medical and Health Sciences Research,Service,,,
TD-1600.3100-550,Mental Health Associations,Organization/Facility Type,,,
JD-1500.9500-870,Water Conservation Enforcement,Service,,,
JD-1500.9500-300,Home Water Use Surveys,Service,,,
PD-9000.1800,Emergency Veterinary Services,Service,,,
PD-9000.6000,Neuter/Spay Services,Service,,,
DD-2100.1000,Better Business Bureaus,Organization/Facility Type,,,
LV-6000,Obstetrics/Gynecology,Service,,,
LV-7200,Podiatry/Foot Care,Service,,,
HL-8700.3000,Homework Help Programs,Service,,,
LH-5100,Medical Expense Assistance,Service,,,
ND-2000.6400,Occupation Specific Job Training,Service,,,
PH-6200.8400,Stress Management,Service,,,
LV-2400,Eye Care,Service,,,
PL-6400.6500,Public Parks,Organization/Facility Type,,,
PL-6400.7000-700,Recreation Centers,Organization/Facility Type,,,
PL-7000.8800,Swimming/Swimming Lessons,Service,,,
FF-0500.1800-050,Adult Diversion,Service,,,
FF-0500.1800-350,Juvenile Diversion,Service,,,
TP-3350.1800-330,Information and Referral Database Management Assistance,Service,,,
LH-5000.2500,General Medical Equipment/Supplies Provision,Service,,,
FT-1000.3300,Immigrant Benefits Assistance,Service,,,
LH-2600.6500,Physician Referrals,Service,,,
HH-0500,Adult Education,Service,,,
BD-5000.8200,School Lunches/Snacks,Service,,,
PH-0320.0200,Adult Day Program Centers,Organization/Facility Type,,,
LT-1750.1700,Dementia Management,Service,,,
BH-7000.5100-330,Independent Living Communities/Complexes,Organization/Facility Type,,,
LV-5500,Neurology,Service,,,
LR-1570,Condition Specific Rehabilitation Services,Service,,,
LJ-5000.8000,Safe Havens for Abandoned Newborns,Organization/Facility Type,,,
PH-2400.1900,Foster Home Placement,Service,,,
RX-8450.8000-050,Alcohol Use Disorder Counseling,Service,,,
LJ-5000.6200,Neonatal Care,Service,,,
RX-8250.0500,Alcohol Use Disorder Education/Prevention,Service,,,
HL-8700,Tutoring Services,Service,,,
PL-7400,Recreational/Leisure/Arts Instruction,Service,,,
NS-8000.5000,Medicare,Named Programs,,,
ND-6500.1800,Disability Related Center Based Employment,Service,,,
PH-7000.3300-040,Adult In Home Respite Care,Service,,,
TJ-3200.2500-140,City Government Information Lines,Service,,,
RD-6200,Pastoral Counseling,Programs that specialize in providing therapeutic interventions ,,,
RX-8250.1700,Drug Use Disorder Education/Prevention,Service,,,
HH-4500.0500,Adult Literacy Programs,Service,,,
RX-8450.8000-180,Drug Use Disorder Counseling,Service,,,
JR-8200.8500-650,Pedestrian Safety Education,Service,,,
LR-3200,Independent Living Skills Instruction,Service,,,
TA-1700.1000,Ballet Performances,Service,,,
PH-6500.1500,Children's Protective Services,Service,,,
BH-1800.1500-700,Runaway/Youth Shelters,Organization/Facility Type,,,
TB-0900.0650-060,Business Consulting Services,Service,,,
PH-6100.1550,Co-Parenting Workshops,Service,,,
TJ-5500.7000,Radio Stations,Organization/Facility Type,,,
HH-8000.8500,Transition Services for Students With Disabilities,Service,,,
FJ-6700.8000,State Attorneys General,Service,,,
NL-5000.5000-520,Medicaid Applications,Named Programs,,,
FN-1500.3600,Juvenile Delinquency Prevention,Service,,,
BT-8750,Travelers Assistance,Service,,,
PH-6500.1500-140,Child Abuse Reporting/Emergency Response,Service,,,
NS-1800,Disability Benefits,Service,,,
LT-3400,Immunizations,Service,,,
TJ-4500.4500,Library Audiovisual Services,Service,,,
TJ-4400.6500,Public Libraries,Organization/Facility Type,,,
TJ-4500.1500-450,Children's Reading Clubs,Organization/Facility Type,,,
LV-3300.6500,Pulmonary Disease Specialty,Service,,,
PH-6500.0500-050,Adult Protective Intervention/Investigation,Service,,,
PX-2100.4600,Litter Cleanup Volunteer Opportunities,Service,,,
BH-3900.3100,Housing Search Assistance,Service,,,
BH-3900.3000,Home Purchase Listings,Service,,,
PH-3000,Home Management Instruction,Service,,,
FP-0700.5000,Mediation,Modality/Delivery Format,,,
NS-1000.9000,Veteran Burial Benefits,Named Programs,,,
RX-0400.1500,Central Intake/Assessment for Substance Use Disorders,Service,,,
RR-1800,Early Intervention for Mental Illness,Service,,,
BM-6500.1500-150,Diapers,Service,,,
PH-6100.1800-250,General Expectant/New Parent Assistance Programs,Service,,,
FT-1000.9000,Veteran Benefits Assistance,Service,,,
PH-6200.9200,Wilderness Therapy Programs,Service,,,
RM-3300.6600-080,Adult Psychiatric Inpatient Units,Organization/Facility Type,,,
PL-7400.0500,Arts and Crafts Instruction,Service,,,
PL-6600.1800,Exercise Classes/Groups,Service,,,
PS-8200.6000-800,Sewing Clubs,Organization/Facility Type,,,
PS-8200.6000-400,Knitting Clubs,Organization/Facility Type,,,
ND-2000.9000,Vocational Assessment,Service,,,
RP-1400.8000-325,Holocaust Counseling,Service,,,
RP-1400.8000-020.05,Adult Child Sexual Abuse Counseling,Service,,,
PL-7400.1700-080,Ballet Instruction,Service,,,
TD-0300,Administrative Entities,Organization/Facility Type,,,
PH-6500,Protective Services,Service,,,
LJ-5000.1700,Delivery/Childbirth,Service,,,
LH-3500.4900,Medicaid Information/Counseling,Service,,,
LF-4900.2000-900,Vision Screening,Service,,,
LF-4900.1670,Dental Screening,Service,,,
PH-6200.1550,Conflict Resolution Training,Service,,,
NS-1800.9000-900,Veteran Aid and Attendance Benefits,Named Programs,,,
LT-2800,Home Health Care,Service,,,
PN-8100.6500-650,Parent Support Groups,Organization/Facility Type,,,
PH-6200.2000,Family Life Education,Service,,,
LT-2800.3000,Home Health Aide Services,Service,,,
LH-5000,Medical Equipment/Supplies,Service,,,
RD-1000.1000,Behavior Modification,Service,,,
DD-1800,Consumer Education,Service,,,
DD-1500.3750,Food Complaints,Service,,,
DD-1500.1100,Bottled Water Complaints,Service,,,
PN-8100.1000-800,Suicide Survivors Support Groups,Organization/Facility Type,,,
FT-1800.3000,Housing Discrimination Assistance,Service,,,
PL-7400.2000,Filmmaking Instruction,Service,,,
TQ-4400,Legislation Information,Service,,,
TI-1800.4500-500,Musical Instrument Donation Programs,Service,,,
BH-3700,Housing Counseling,Service,,,
BT-8400.6400,Public Transit Authorities,Organization/Facility Type,,,
ND-3500,Job Finding Assistance,Service,,,
PH-6100.1800-900,Teen Expectant/New Parent Assistance,Service,,,
RX-8450.8100,Substance Use Disorder Day Treatment,Service,,,
ND-6500.3300,Immigrant/Refugee Employment Programs,Service,,,
LV-6800.6860,Pediatric Neurology,Service,,,
FT-4150,Labor and Employment Law,Service,,,
TI-1900,Donation Drop Off Points,Service,,,
PX-0400.1800-150,Donations Distribution Volunteer Opportunities,Service,,,
FL-8000,Secret Service,Named Programs,,,
LR-6200.1800,Disability/Rehabilitation Related Occupational Therapy,Service,,,
RP-1400.8000-020.21,Counseling for Children Affected by Domestic Violence,Service,,,
PH-0500,Attendant Services for People With Disabilities,Service,,,
PN-8100.0500-180,Drug Use Disorder Support Groups,Organization/Facility Type,,,
FT-3900.3300,Insurance Claims Assistance,Service,,,
FN-1700.3350,Insurance Fraud Reporting,Service,,,
ND-2000.6500-340,Job Interview Training,Service,,,
BM-8500,Thrift Shops,Organization/Facility Type,,,
LH-5000.0600,AIDS/HIV/STD Prevention Supplies,Service,,,
HL-2500.8600,Truancy Counseling,Service,,,
RP-1400.8000-155,Child Guidance,Service,,,
RP-6400.8000-650.64,Psychiatric Medication Monitoring,Service,,,
FN-1500.1000,Bullying Prevention,Service,,,
LH-2700.2000-050,Automated External Defibrillator Training,Service,,,
PS-8200.9500,Wildlife Appreciation Societies,Organization/Facility Type,,,
PL-7400.1700,Dance Instruction,Service,,,
PL-7400.1700-850,Tap Dancing Instruction,Service,,,
PL-7400.1700-500,Modern Dance Instruction,Service,,,
DF-7000.8250,Social Security Numbers,Service,,,
NL-1000.8100,SSI,Named Programs,,,
BV-8900.9220,Utility Disconnection Protection,Service,,,
TJ-1800.3300-950,Websites,Service,,,
PL-6400.9600-980,Zoos/Wildlife Parks,Organization/Facility Type,,,
RX-8450,Substance Use Disorder Treatment Programs,Service,,,
RX-8250,Substance Use Disorder Education/Prevention,Service,,,
LT-1750.9550,Wound Clinics,Service,,,
TH-1700.2000-150,Community Disaster Education,Service,,,
TH-1500.1700,Disaster Relief/Recovery Organizations,Organization/Facility Type,,,
PH-1800.3300,Identification Devices,Service,,,
FT-3000.1450,Child Advocacy Centers,Organization/Facility Type,,,
FN-1500,Crime Prevention,Service,,,
FR-4500,Law Enforcement Education/Information,Service,,,
RP-1400.8000-020,Abuse Counseling,Service,,,
JR-8200.3000-250,Home Safety Evaluations,Service,,,
JR-8200.7800,Safety Town Programs,Named Programs,,,
PH-6100.1700,Disability Related Parenting Programs,Service,,,
PH-1400.6500-650,Parent to Parent Networking,Service,,,
PH-2360.2300,Family Group Conferencing,Service,,,
FN-1500.1900,Family Violence Prevention,Service,,,
PH-0700,Benefits Screening,Service,,,
LF-7000.1550,Child Abuse Medical Evaluations,Service,,,
PN-8100.1000-080,Bereaved Child Support Groups,Organization/Facility Type,,,
PL-7700.1200,Commemorative Events,Service,,,
TI-1800.1500-900,Work Clothing Donation Programs,Service,,,
BT-8300.0870,Automobile Loans,Service,,,
LH-5100.5000,Medical Care Expense Assistance,Service,,,
LH-6700.6400-040,AIDS Drug Assistance Programs,Service,,,
LJ-8000.8000,Safer Sex Education,Service,,,
BH-8400,Supportive Housing,Organization/Facility Type,,,
FJ-6700.6500,Public Defender,Service,,,
FJ-1600.2000,Foreclosure Filing Offices,Organization/Facility Type,,,
PH-3500.1000,Braille Transcription,Service,,,
PH-3500.4500,Language Interpretation,Service,,,
PH-3500.4550,Language Translation,Service,,,
PH-3500.8000,Sign Language Interpretation,Service,,,
RP-1500.3400,Involuntary Psychiatric Intervention,Service,,,
FT-1020,Certificates/Forms Assistance,Service,,,
LV-6000.2400,General Obstetrics,Service,,,
BV-8900.1700-850,Discounted Telephone Service,Service,,,
DM-1980,Financial Assessment Tools,Service,,,
JR-8000.8500,Traffic Bulletins/Information,Service,,,
TH-2100.7000,Road Closures Bulletins,Service,,,
TH-2600.1500-730,Post Disaster Transportation Information,Service,,,
FL-2800,Harbor Patrol,Organization/Facility Type,,,
TJ-4500.1500-800,Story Hour,Service,,,
HH-4500.1800,Early Literacy Development Programs,Service,,,
FC-9500,Youth Courts,Organization/Facility Type,,,
PX-1850.9500,Youth Court Volunteer Opportunities,Service,,,
LT-1750.0550,ALS Clinics,Service,,,
LF-4900.1700,Diabetes Screening,Service,,,
LF-4900.1550-150,Clinical Cholesterol/Triglycerides Tests,Service,,,
TC-5500.2500,Gay/Lesbian/Bisexual/Transgender Community Centers,Organization/Facility Type,,,
BT-4500.6500-500,Medical Appointments Transportation,Service,,,
TH-2600.1580,Disaster Related Shelter Services,Service,,,
ND-6500.9800-050,At Risk Youth Employment Programs,Service,,,
TD-1600.3100,Human Rights Groups,Organization/Facility Type,,,
LT-1750.8100,Sleep Disorders Clinics,Service,,,
ND-9200.8000-700,RSVP Program,Named Programs,,,
RP-1500.1400,Crisis Intervention Hotlines/Helplines,Service,,,
LJ-2000.1000-150,Contraception,Service,,,
LJ-2000.1000-100,Birth Control Counseling,Service,,,
LH-6700.6400-285,HIV Post Exposure Prophylaxis Medication,Service,,,
LH-6700.6400-300,HIV Pre-Exposure Prophylaxis Medication,Service,,,
HD-1800.1800,Early Head Start,Named Programs,,,
BM-6500.1500-950,Work Clothing,Service,,,
RP-5000.5000,Mental Health Screening,Service,,,
FP-8000,Self Representation Assistance,Modality/Delivery Format,,,
FT-9100.1800,Driver License Retention/Reinstatement Assistance,Service,,,
JR-8200.8500-850,Traffic School,Service,,,
ND-3500.3500-340,Job Banks,Service,,,
DT-8700,Tax Information,Service,,,
PH-0320.0400,Adult Day Health Programs,Service,,,
PH-0320.0600,Adult Family Day Program Homes,Organization/Facility Type,,,
DT-8400.8400,Tax Appeals Filing Assistance,Service,,,
JD-1500,Conservation,Service,,,
PL-7400.6300,Outdoor Environmental Education,Service,,,
PH-3300,In Home Assistance,Service,,,
FC-8200.8100-200,Family Law Courts,Organization/Facility Type,,,
FT-3000.1900,Family Justice Centers,Organization/Facility Type,,,
TC-5500,Multipurpose Centers,Organization/Facility Type,,,
PL-6400.7000-840,Swimming Facilities,Organization/Facility Type,,,
PH-1400.5000-650,Peer Role Model Programs,Service,,,
BD-1800.2000-620,Occasional Emergency Food Assistance,Service,,,
TJ-4500.1200,Bookmobiles,Service,,,
ND-3600.0400-850,Temporary Employment,Service,,,
FT-3600.6000,Naturalization Support/Legal Services,Service,,,
LF-4900.1500-500,Mammograms,Service,,,
RX-8450.1150-150,Comprehensive Outpatient Alcohol Use Disorder Treatment,Service,,,
RX-8450.1150-180,Comprehensive Outpatient Drug Use Disorder Treatment,Service,,,
BT-8500.1000-180,Discount Transit Passes,Service,,,
BH-7000.8100-800,Sweat Equity Programs,Service,,,
BT-4500.6500-250,Emergency Transportation for Commuters,Service,,,
TN,Occupational/Professional Associations,Organization/Facility Type,,,
LH-3500.0200,Affordable Care Act Insurance Information/Counseling,Service,,,
BH-1850,Emergency Shelter Clearinghouses,Organization/Facility Type,,,
PH-2360.2000,Economic Self Sufficiency Programs,Service,,,
RM-3300.6600,Psychiatric Inpatient Units,Organization/Facility Type,,,
BH-1800.8500,Homeless Shelter,Service,,,
JD-2000.6500,Plant/Tree Banks,Organization/Facility Type,,,
BT-4500.6500,Paratransit Programs,Service,,,
BT-4500.6500-800,Senior Ride Programs,Service,,,
DF-7000.6650,Passports,Service,,,
TI-1800.4500-100,Book/Magazine Donation Programs,Service,,,
FP-0500.3500,Issue Advocacy,Modality/Delivery Format,,,
FL-6500,Municipal Police,Organization/Facility Type,,,
FN-1700.1800,Drug Crime Reporting,Service,,,
FL-8500,State Police,Organization/Facility Type,,,
PH-0300.0400,Adoption Information/Referrals,Service,,,
FP-4500,Legal Representation,Modality/Delivery Format,,,
HD-1200.4500,Local School Boards,Organization/Facility Type,,,
HD-0500.5000-050,Alternative Schools,Organization/Facility Type,,,
TI-2100,Donation Pickups,Service,,,
PX-2300.3100,Homeless Shelter Volunteer Opportunities,Service,,,
HH-1600.1600,Dropout Prevention,Service,,,
FN-1500.9700,Youth Violence Prevention,Service,,,
PL-6600.9700,Yoga,Service,,,
PH-6100.1800,Expectant/New Parent Assistance,Service,,,
HD-1800.6500-150,Community Based Preschools,Organization/Facility Type,,,
HL-3010,Instructional Support Services,Service,,,
BH-8400.6000-040,Adult Residential Care Homes,Organization/Facility Type,,,
FF-1500.2000,Federal Correctional Facilities,Organization/Facility Type,,,
LJ-5000.1500-150,Cesarean Birthing Classes,Service,,,
RX-0400.1855,Drug/Alcohol Use Self Evaluation Tools,Service,,,
RX-0400.1850,Drug/Alcohol Testing,Service,,,
P,Individual and Family Life,Service,,,
PH-2950.3200,Holiday Gifts/Toys,Service,,,
FN-1700.7800,Social Security Fraud Reporting,Named Programs,,,
NS-1000.8000,Social Security Burial Benefits,Named Programs,,,
NS-7000.8000,Social Security Retirement Benefits,Named Programs,,,
NS-8200.8000,Social Security Survivors Insurance,Named Programs,,,
NS-1800.8000,Social Security Disability Insurance,Named Programs,,,
DF-8000.4500-650,Pension Benefits Regulation,Service,,,
TD-1600.1790,Employment Related Advocacy Groups,Organization/Facility Type,,,
HD-1800.3000-350,Head Start Sites,Named Programs,,,
LF-7000.1730,Developmental Screening,Service,,,
RX-8450.5000,Medication Assisted Maintenance Treatment for Opioid Use Disorders,Service,,,
JR-1950,Fire Stations,Organization/Facility Type,,,
LT-3400.8500,Travel Immunizations,Service,,,
FN-1700.3500,Internet Crime Reporting,Service,,,
RP-1500.1400-100,Bullying Helplines,Service,,,
JD-1500.4500-450,Land Banks/Trusts,Organization/Facility Type,,,
RX-8450.8100-050,Alcohol Use Disorder Day Treatment,Service,,,
RX-8450.8100-180,Drug Use Disorder Day Treatment,Service,,,
RX-1700.0500-330,Inpatient Medically Assisted Alcohol Detoxification,Service,,,
LH-0600.6500-950,Wigs,Service,,,
FT-2700.0500,Advance Medical Directives,Service,,,
LH-3500.2500,General Health Insurance Information/Counseling,Service,,,
PH-1400.6500-700,Patient to Patient Networking,Service,,,
TR-1000.6000,Pharmacology Research,Service,,,
PH-2950.3050,Holiday Donations,Service,,,
PH-1450.3300,Immigrant Mutual Assistance Associations,Organization/Facility Type,,,
PL-7700.1300,Community Celebrations/Festivals,Service,,,
TA-0500,Arts Festivals,Service,,,
TA-1550.2000,Ethnic/Cultural Festivals,Service,,,
TA-6800.6300,Playhouses,Organization/Facility Type,,,
PS-8000,Social Clubs/Events,Organization/Facility Type,,,
LJ-2000.0100-020,Abortion Expense Assistance,Service,,,
LJ-2000.0100-030,Abortion Referrals,Service,,,
LJ-2000.6500-650,Pro-Choice Pregnancy Counseling,Service,,,
PS-9800.8500,Scouting Programs,Service,,,
DT-8700.2000-270,First Time Homebuyer Tax Credit Information,Service,,,
FN-5000,Missing Persons Location Assistance,Service,,,
PH-2000,Employee Assistance Programs,Service,,,
PH-6300.8000,Supervised Living for Older Youth,Service,,,
FJ-2600,Guardians ad Litem,Service,,,
PN-8100.0500-250,Gambling Addiction Support Groups,Organization/Facility Type,,,
RX-8470.6900,Relapse Prevention Programs,Service,,,
JD-2000,Environmental Beautification,Service,,,
TD-1600.1800,Environmental Improvement Groups,Organization/Facility Type,,,
PD-0700,Animal Regulation,Service,,,
PD-7600.0300,Animal Lost and Found,Service,,,
PD-7600.1500,Cruelty to Animals Investigation,Service,,,
PD-7600.3100,Humane Animal Traps,Service,,,
PD-9000.7000,Rabies Vaccinations,Service,,,
PD-9000.0130,Animal Euthanasia Services,Service,,,
PD-9000.6650,Pet Tracking Microchips,Service,,,
PD-7600.0700,Animal Surrender Services,Service,,,
PD-9000.9700,Well Animal Checkups,Service,,,
BT-8400.8500,Transit Customer Service Centers,Organization/Facility Type,,,
TI-1800.1500-800,Shoe Donation Programs,Service,,,
RP-6400.8000-620,Psychiatric Day Treatment,Service,,,
PH-2400.3300,In Home Assistance Registries,Service,,,
LR-6200.2500,Geriatric Occupational Therapy,Service,,,
PL-7000.4350-180,Chess,Service,,,
RP-5000.6500,Psychological Testing,Service,,,
RP-5000.6400,Psychological Assessment,Service,,,
FT-3200,General Legal Aid,Service,,,
FT-3000.1700,Divorce Assistance,Service,,,
FT-1000.9500,Welfare Rights Assistance,Service,,,
LH-0500.6300,Organ and Tissue Banks,Organization/Facility Type,,,
LT-6200.1500,Corneal Transplants,Service,,,
TI-1800.5000-250,Glasses Donation Programs,Service,,,
PX-0700,Arts and Culture Volunteer Opportunities,Service,,,
TA-0480,Arts Centers,Organization/Facility Type,,,
TA-9000.0300,Art Galleries/Exhibits,Organization/Facility Type,,,
HD-1800.6500-700,Public Preschools,Organization/Facility Type,,,
HH-9000.8750,Vocational Centers,Organization/Facility Type,,,
HL-2500.0500,Academic Counseling,Service,,,
HL-2500.3000,Higher Education Bridge Programs,Service,,,
PH-8000,Street Outreach Programs,Service,,,
PH-2360.9500,Wraparound Facilitation/Community Support,Service,,,
LV-8500,Telemedicine,Service,,,
BH-8400.6000-800,Semi-Independent Living Residences for Adults With Disabilities,Organization/Facility Type,,,
RX-0400.1500-150,Central Intake/Assessment for Alcohol Use Disorder,Service,,,
RX-0400.1500-180,Central Intake/Assessment for Drug Use Disorders,Service,,,
RM-3300.6600-150,Children's Psychiatric Inpatient Units,Organization/Facility Type,,,
RM-3300.6600-250,Geriatric Psychiatric Inpatient Units,Organization/Facility Type,,,
RP-5000.2000,Forensic Mental Health Evaluation,Service,,,
RP-6400.2000,Forensic Psychiatry,Service,,,
BH-3900.7000,Relocation Assistance,Service,,,
HH-8000.6500,Public Special Schools,Organization/Facility Type,,,
PL-7000.9600,Wrestling,Service,,,
PL-7000.5800-350,Judo,Service,,,
PL-7000.5800-460,Kickboxing,Service,,,
TJ-5500.6000-200,Foreign Language Newspapers,Service,,,
TJ-5500.6000-400,Local/Regional Newspapers,Service,,,
BT-8750.1400,Consulates/Foreign Government Representatives,Organization/Facility Type,,,
RP-6400.1500,Child and Adolescent Psychiatry,Service,,,
LF-8000.5200,Electroencephalography,Service,,,
LR-6200,Occupational Therapy,Service,,,
LT-1750.6350,Pediatric Feeding Disorders Programs,Service,,,
LR-8400.0400,Aquatic Therapy,Service,,,
LV-6800.6970,Pediatric Rehabilitation,Service,,,
LR-0450.0500,Applied Behavioral Analysis,Service,,,
LV-6800.6600,Pediatric Endocrinology,Service,,,
LV-6800.6500,Pediatric Allergy Specialty,Service,,,
LV-6800.6750,Pediatric Immunology,Service,,,
LV-6800.6880,Pediatric Orthopedics,Service,,,
LV-6800.7000,Pediatric Rheumatology,Service,,,
BT-8500.1000-200,Free Transit Passes,Service,,,
NS-1800.8000-820,Social Security Disability Insurance Applications,Named Programs,,,
NS-1800.8100-820,State Disability Insurance Applications,Named Programs,,,
DD-1500.4050,General Consumer Complaints,Service,,,
TD-1600.6000,Neighborhood Improvement Groups,Organization/Facility Type,,,
ND-6500.9200,Veteran Employment Programs,Service,,,
RP-6400.2500,General Psychiatry,Service,,,
PL-7000.2700,Cheerleading Programs,Service,,,
PL-7000.8900-100,Basketball,Service,,,
RX-8470,Supportive Substance Use Disorder Services,Service,,,
PL-7000.9200,Track and Field,Service,,,
PL-7000.8900-080,Baseball,Service,,,
PL-7000.8900-200,Football,Service,,,
PL-7000.8900-800,Soccer,Service,,,
RR-5150.5000-800,Suicide Prevention Programs,Service,,,
PH-6100.6700,Parenting Materials,Service,,,
RP-5000.5000-180,Depression Screening,Service,,,
PH-6100.6600,Parenting Helplines,Service,,,
LH-3000.6650,Private Health Insurance,Service,,,
LL-6000.8000,Skilled Nursing Facilities,Organization/Facility Type,,,
LT-2800.3100-250,Geriatric Home Nursing,Service,,,
LH-2700.5000-450,Medication Consultation Programs,Service,,,
RP-8000.5000,Music Therapy,Service,,,
LF-7100.8000,Sports Participation Physical Examinations,Service,,,
HD-1800.8000,School Readiness Programs,Service,,,
TH-2600.6450,Post Disaster Food Services,Service,,,
LH-6300.5500,Medical Social Work,Service,,,
PH-6200.7800,Self Esteem Workshops,Service,,,
LJ-8000.8250,Sexual Abstinence Education Programs,Service,,,
PH-6200.7000,Relationship Workshops,Service,,,
LV-1600.1700,Dental Hygiene,Service,,,
PL-6400.1500-200,Family Camps,Service,,,
PH-0800,Caregiver Training,Service,,,
BH-3900.3050-750,Section 8/Rental Assistance Program Rental Listings,Named Programs,,,
BH-7000.4600-700,Section 8 Housing Choice Vouchers,Named Programs,,,
DT-8800.9300-930,VITA Program Sites,Named Programs,,,
DM-1500.1500,Credit Counseling,Service,,,
RP-6400.2700,Geriatric Psychiatry,Service,,,
TI-1800.5200-100,Cell Phone Donation Programs,Service,,,
RP-8000.0500,Art Therapy,Service,,,
PS-8200.5000-120,Barbershop Singing Groups,Organization/Facility Type,,,
LH-2700.2000-330,Infant/Child CPR Instruction,Service,,,
PH-0300.0350,Adoption Evaluation/Placement,Service,,,
PH-6000.6500,Parental Visitation Monitoring,Service,,,
PH-0300.0500,Adoptive Home Studies,Service,,,
RF-6500,Peer Counseling,Modality/Delivery Format,,,
PN-8100.5000,Mental Health Related Support Groups,Organization/Facility Type,,,
TH-2900.1750-100,Business Disaster Loans,Service,,,
PL-8000.5500-850,Special Olympics,Named Programs,,,
HD-6000.1300,Colleges/Universities,Organization/Facility Type,,,
BM-5050.1500,Cell Phones,Service,,,
HD-6000.9000,Technical/Trade Schools,Organization/Facility Type,,,
NT-8900,Undesignated Temporary Financial Assistance,Service,,,
TJ-4500.8300-050,Archives,Service,,,
PH-3300.3100,Housekeeping Assistance,Service,,,
TJ-0500,Accessibility Information,Service,,,
PH-3300.6500,Personal Care,Service,,,
LT-2800.3100-700,Registered Home Nursing,Service,,,
LT-0500.5200,Massage Therapy,Service,,,
LJ-2000.0100-050,Abortions,Service,,,
LJ-2000.6500,Pregnancy Counseling,Service,,,
LF-5280.1500,Blood Tests,Service,,,
HL-8000.8500,Tuition Assistance,Service,,,
LR-8000.8000-450,Language Therapy,Service,,,
TH-2900.1750-650,Personal Disaster Loans,Service,,,
PD-6250.6400,Pet Care Supplies,Service,,,
PD-6250.6600,Pet Food,Service,,,
PD-9000.8000,Sick Animal Care,Service,,,
PD-9000.9500,Veterinary Referral Services,Service,,,
PL-7000.9000,Tennis,Service,,,
HH-8000.1500,Early Identification Programs,Service,,,
LJ-2000.1000-200,Emergency Contraception,Service,,,
LF-4900.2400-150,Confidential HIV Testing,Service,,,
RM-7000,Residential Treatment Facilities,Organization/Facility Type,,,
RX-1700.0500,Alcohol Detoxification,Service,,,
RX-1700.1700,Drug Detoxification,Service,,,
RX-8450.3300,Inpatient Substance Use Disorder Treatment Facilities,Organization/Facility Type,,,
RX-8450.7000,Residential Substance Use Disorder Treatment Facilities,Organization/Facility Type,,,
RX-8500,Transitional Residential Substance Use Disorder Services,Service,,,
TJ-6500.1000,Community Calendars,Service,,,
JD-6500.0500-150,Climate Change Prevention Programs,Service,,,
PD-0700.0600,Animal Licenses,Service,,,
DT-8800.0100-100,AARP Tax Aide Program Sites,Named Programs,,,
TD-1200,Charities/Grantmaking Organizations,Organization/Facility Type,,,
FP-0500.4500,Legislative Advocacy,Modality/Delivery Format,,,
LF-4900.1000,Blood Pressure Screening,Service,,,
PH-2950.8500-850,Thanksgiving Baskets,Service,,,
LV-7500,Radiology,Service,,,
DF-7000.1700-050,Autopsy Records,Service,,,
LV-1600.2300,Forensic Dentistry,Service,,,
PB-1600,Coroner Services,Service,,,
PB-5000.1550,Cremation Services,Service,,,
TH-2300.1670,Evacuation Centers,Organization/Facility Type,,,
RX-8450.7000-700,Residential Alcohol Use Disorder Treatment Facilities,Organization/Facility Type,,,
RX-8450.7000-750,Residential Drug Use Disorder Treatment Facilities,Organization/Facility Type,,,
HH-0500.2500-250,GED/High School Equivalency Test Instruction,Service,,,
HL-8700.8000,Subject Tutoring,Service,,,
HD-0500.1500,Charter Schools,Organization/Facility Type,,,
LF-4900.6200,Nutrition Assessment Services,Service,,,
LH-2700.2000-150,CPR Instruction,Service,,,
ND-1600.1700,Employment Related Fingerprinting,Service,,,
ND-1600.6500,Pre-Employment Background Checks,Service,,,
RP-1400.8000-270,Geriatric Counseling,Service,,,
LJ-2000.6500-700,Pro-Life Pregnancy Counseling,Service,,,
TP-1850.1700,Credentialing Program Evaluation,Service,,,
BH-3800.5000,Mortgage Payment Assistance,Service,,,
RP-1400.8000-675,Psychiatric Disorder Counseling,Service,,,
RX-8450.8000,Substance Use Disorder Counseling,Service,,,
LH-3000.0200,Affordable Care Act Qualified Health Plans,Service,,,
LH-3000.3050,Health Insurance Marketplaces,Organization/Facility Type,,,
LH-3500.0200-140,Certified Application Counselor Programs,Service,,,
LH-3500.0200-330,In Person Assister Programs,Service,,,
LH-3500.0200-600,Navigator Programs,Service,,,
RP-6400.8000-660,Psychiatric Rehabilitation,Service,,,
PL-6400.1500-180,Day Camps,Organization/Facility Type,,,
LH-0600,Assistive Technology Equipment,Service,,,
LV-6300,Osteopathy,Service,,,
LV-2400.6300-900,Vitreo Retinal Services,Service,,,
LV-2400.6300-250,Glaucoma Treatment,Service,,,
HD-1800.1800-200,Early Head Start Sites,Named Programs,,,
RR-8500.5000,Marriage and Family Therapist Referrals,Service,,,
RD-8000,Solution Focused Therapy,Service,,,
RD-7000,Rational Emotive Therapy,Service,,,
PV-3300.5000,Meditation,Service,,,
PL-7000.8900-900,Volleyball,Service,,,
PL-7400.0500-260,General Arts and Crafts,Service,,,
BH-7000.4600,Low Income/Subsidized Rental Housing,Organization/Facility Type,,,
JP-1500.1700-750,Sexually Transmitted Disease Control,Service,,,
JP-1500.1700-200,Ebola Control,Service,,,
JP-1500.1700-330,Influenza Control,Service,,,
PN-8100.4500-230,Families of Inmates Support Groups,Organization/Facility Type,,,
HL-8500.1400,Citizenship Test Preparation,Service,,,
TQ-1800.0500,Absentee Ballots,Service,,,
TQ-1800.1600,Election Information,Service,,,
TQ-1800.9000,Voter Registration Offices,Organization/Facility Type,,,
HD-8000,Public Schools,Organization/Facility Type,,,
TJ-3000.8500,211 Systems,Organization/Facility Type,,,
TD-1200.6600-150,Community Foundations,Organization/Facility Type,,,
TP-1000.2500,Board Organization Assistance,Service,,,
TP-2100.0250-400,Grant Administration Assistance,Service,,,
TB-0700.2200-660,Program Development Funds,Service,,,
LF-5280.8900,Urine Tests,Service,,,
FN-1900.1500,Crime Victim Compensation,Service,,,
TJ-6500.6700,Printed Materials,Service,,,
LR-8000.0500-800.05,American Sign Language Instruction,Service,,,
ND-3400.8000,Special Needs Job Development,Service,,,
TD-1600.2570,Health Related Advocacy Groups,Organization/Facility Type,,,
TD-1600.3100-180,Disability Rights Groups,Organization/Facility Type,,,
BH-8500.8000,Senior Housing Information and Referral,Service,,,
LH-6700.6250,Prescription Drug Discount Cards,Service,,,
FT-3000.1500,Child Custody/Visitation Assistance,Service,,,
DM-1800.1000,Bankruptcy Assistance,Service,,,
LH-4000.7000,Reverse Mortgage Programs,Service,,,
TJ-3200.1600,Directory Assistance,Service,,,
ND-3400,Job Development,Service,,,
ND-6500.9500,Welfare to Work Programs,Service,,,
TR-1000.2000,Epidemiology Research,Service,,,
JP-6500.1800,Environmental Hazards Evaluation,Service,,,
JP-6500.2000,Environmental Hazards Reporting,Service,,,
LH-5000.5100-350,Home Glucose Monitoring Systems,Service,,,
LH-5000.3400,Insulin Injection Supplies,Service,,,
TD-1600.2800,Housing Advocacy Groups,Organization/Facility Type,,,
PL-7000.3150,Disability Related Sports,Service,,,
RP-1400.8000-900,Veteran Reintegration Counseling,Service,,,
PL-7000.4360,General Recreational Activities/Sports,Service,,,
NL-5000.8000-150,Children's State/Local Health Insurance Programs,Service,,,
PL-6400.1500-850,Therapeutic Camps,Organization/Facility Type,,,
PN-8100.4500-950,Youth/Student Support Groups,Organization/Facility Type,,,
RM-3300.6600-050,Adolescent Psychiatric Inpatient Units,Organization/Facility Type,,,
PN-8100.0500-800,Sexual/Love Addiction Support Groups,Organization/Facility Type,,,
PN-8100.0500-230,Families/Friends of Individuals With an Alcohol Use Disorder Support Groups,Organization/Facility Type,,,
RP-8000.1925,Equestrian Therapy,Service,,,
PD-9000.6600,Pet Therapy,Service,,,
PN-8100.0500-235,Families/Friends of Individuals With a Drug Use Disorder Support Groups,Organization/Facility Type,,,
ND-9200.8000-200,Foster Grandparent Program,Named Programs,,,
BM-7000.0500-050,Automotive Body Repair/Painting,Service,,,
BM-7000.0500-100,Automotive Systems Repair,Service,,,
LH-2700.1540,Chronic Disease Self Management Programs,Service,,,
HH-0500.0500,Adult Basic Education,Service,,,
JR-8200.1500-150,Child Care Provider Training,Service,,,
LF-4900.1500-200,Colposcopy,Service,,,
PL-7000.8900-830,Softball,Service,,,
LJ-2000.1000-800,Sterilization,Service,,,
PH-2950.1500-120,Christmas Baskets,Service,,,
LV-8300,Surgery,Service,,,
LR-1570.8450,Spine Rehabilitation,Service,,,
NL-5000.5000-800,State Medicaid Waiver Programs,Named Programs,,,
TD-1600.3100-140,Children's Rights Groups,Organization/Facility Type,,,
LJ-5000.5000,Maternity Homes,Organization/Facility Type,,,
TI-1800.1500-500,Maternity Clothing Donation Programs,Service,,,
BM-3000.2000-140,Children's Furniture,Service,,,
BT-4500.6500-120,Child Transportation Programs,Service,,,
BM-6500.1500-800,School Clothing,Service,,,
ND-6500.8870,Ticket to Work/Self Sufficiency Program,Named Programs,,,
LF-0100,Activities of Daily Living Assessment,Service,,,
TD-1600,Community Action/Social Advocacy Groups,Organization/Facility Type,,,
RR-5150.2500,General Mental Health Information/Education,Service,,,
TB-0700.2200-190,Fundraising Campaigns,Service,,,
LF-4800,Diagnostic Imaging/Radiology,Service,,,
LL-3000.8300,Swing Bed Care Facilities,Organization/Facility Type,,,
PN-8100.1000-250,General Bereavement Support Groups,Organization/Facility Type,,,
PN-8100.1400,Caregiver/Care Receiver Support Groups,Organization/Facility Type,,,
LV-8500.3000,Home Telemedicine,Service,,,
HH-0500.1600-650,Professional Continuing Education,Service,,,
TJ-1800.6500-330,Internet Service Providers,Organization/Facility Type,,,
PH-6200.8300,Social Skills Training,Service,,,
PH-7000.6000,Out of Home Respite Care,Service,,,
FT-1000.2500,General Benefits Assistance,Service,,,
PD-9000.9000,Veterinary Care Expense Assistance,Service,,,
LT-1750.1500,Cancer Clinics,Service,,,
BV-8900.9300-950,Water Service Payment Assistance,Service,,,
FP-0700,Alternative Dispute Resolution,Modality/Delivery Format,,,
FN-1700,Crime Reporting,Service,,,
LJ-8000.2500,General Sexuality/Reproductive Health Education,Service,,,
RP-1400.8000-815,Sexuality Counseling,Service,,,
TD-1400.0400,Arts/Humanities Councils,Organization/Facility Type,,,
TN-5000,Medical Associations,Organization/Facility Type,,,
JR-8200.8500-100,Bicycle Safety Education,Service,,,
PL-7200.8000-150,Cycling Equipment,Service,,,
TD-1600.8500,Transportation Advocacy Groups,Service,,,
BH-3500.3400-900,Veteran Home Loans,Service,,,
HL-8000.1800-900,Veteran Education Benefits,Service,,,
DF-8000.4500,Labor Standards and Practices,Service,,,
LJ-5000.6570,Preconception Care,Service,,,
PS-8000.1800,Disability Related Social Clubs,Organization/Facility Type,,,
PH-6100.1500,Child Development Classes,Service,,,
PS-8200.1425,Community Theater Groups,Organization/Facility Type,,,
TA-8500,Theater Performances,Service,,,
TA-8500.1200,Children's Theater Productions,Service,,,
PL-7400.0300,Acting Instruction,Service,,,
RX-8250.0550,Alcohol/Drug Impaired Driving Prevention,Service,,,
RX-8470.8400,Substance Use Disorder Intervention Programs,Service,,,
LH-2600,Health Care Referrals,Service,,,
LT-0500.1000,Biofeedback,Service,,,
LR-6200.5000,Mental Health Occupational Therapy,Service,,,
LF-4900.1980,Eye Examinations,Service,,,
ND-2000.3500-330,Internship Programs,Modality/Delivery Format,,,
LV-1600.2400,General Dentistry,Service,,,
LV-3300.2900,Geriatric Medicine,Service,,,
TJ-6500.1700,Directory/Resource List Publication,Service,,,
JD-1500.9600-900,Wild Animal Preservation/Protection,Service,,,
JD-1500.9600-950,Wildlife Refuges,Organization/Facility Type,,,
PL-7600.9300,Wildlife Viewing Excursions,Service,,,
TI-1800.1500-150,Children's Clothing Donation Programs,Service,,,
TI-1800.1500-250,General Clothing Donation Programs,Service,,,
TB-7000.6000,Neighborhood Revitalization,Service,,,
JD-6500.1800,Hazardous Materials Control,Service,,,
PH-2360.2350,Family Preservation Programs,Service,,,
HL-8000.8000,Scholarships,Service,,,
PH-2950.1000,Birthday Programs,Service,,,
TD-1600.3100-200,Ethnic Advocacy Groups,Organization/Facility Type,,,
BH-1800.1500-308,Human Trafficking Shelters,Service,,,
LN-8500,Urgent Care Centers,Organization/Facility Type,,,
RP-1400.8000-370,Juvenile Delinquency Diversion Counseling,Service,,,
ND-2000.6500-700,Resume Preparation Assistance,Service,,,
BM-6500.1500-130,Clothing Vouchers,Service,,,
LT-1530.1550,Clinical Trials Research Projects,Service,,,
FT-6100,Notary Public Services,Service,,,
LH-2600.6050,Nursing Registries,Service,,,
PS-9800.9700,Youth Business Programs,Service,,,
FJ-1500,Complaint Issuance,Service,,,
FT-2800.1500,Criminal Record Expungement Assistance,Service,,,
TP-3000.8000-750,Staff Orientation and Training Development,Service,,,
LT-1750.0650,Asthma Clinics,Service,,,
LV-0500,Allergy Specialty,Service,,,
RD-3000.8500,Transpersonal Therapy,Service,,,
RD-3000.1800,Existential Therapy,Service,,,
LR-1570.7000-700,Respiratory Therapy,Service,,,
ND-2000.6500-360,Job Readiness,Service,,,
DT-8800,Tax Preparation Assistance,Service,,,
LR-3100.1800-130,Developmental Disabilities Activity Centers,Organization/Facility Type,,,
ND-2000.1500,Career Development,Service,,,
LJ-5000.6500,Postpartum Care,Service,,,
LE,General Medical Care,Service,,,
RX-0400.2500,General Assessment for Substance Use Disorders,Service,,,
RM-6500.5000,Mental Health Drop In Centers,Organization/Facility Type,,,
TB-0900.0650-200,Entrepreneurial Training,Service,,,
PH-1400.1900-230,Friendly Visiting,Service,,,
PH-6200.1500,Communication Training,Service,,,
FT-1000.3000,Holocaust Survivors Compensation/Restitution Assistance,Service,,,
BD-1800.8200-380,Kosher Food,Service,,,
LH-2700.6000-170,Dietary Services,Service,,,
LR-8000.0500-800,Sign Language Instruction,Service,,,
PW-9000,Volunteer Recruitment/Placement,Service,,,
HL-8120.7950,Student Counseling Services,Service,,,
TH-2900.1650,Disaster Claims Information,Service,,,
JP-6300,Occupational Health and Safety,Service,,,
FN-1900,Crime Victim Support,Service,,,
DD-1500.4650,Housing Complaints,Service,,,
ND-6500.3500,Job Corps,Named Programs,,,
BD-1800.2250,Food Vouchers,Service,,,
HL-2000.3300,Intelligence Testing,Service,,,
FN-1500.1550-600,Neighborhood Watch Programs,Service,,,
FT-4500,Landlord/Tenant Assistance,Service,,,
PL-7600.3000-350,Historic Districts/Sites,Organization/Facility Type,,,
FT-4500.4600,Landlord/Tenant Dispute Resolution,Service,,,
TA-5500.3000,History Museums,Organization/Facility Type,,,
LH-0500.0900-150,Blood Donor Stations,Organization/Facility Type,,,
NL-3000.1500,Child Care Expense Assistance,Service,,,
BD-5000.8500,Summer Food Service Programs,Named Programs,,,
FJ-1750,Divorce/Custody Investigation,Service,,,
LD-3300,Intensive Care,Service,,,
LV-6800.0300,Adolescent Medicine,Service,,,
PH-0300,Adoption Services,Service,,,
HD-0500,Alternative Education,Service,,,
PH-6200.4500,Leadership Development,Service,,,
TP-3000.8000,Staff Development Services,Service,,,
PH-6000,Parental Visitation Facilitation,Service,,,
TH-1700,Disaster Preparedness,Service,,,
PH-1250,Child Care Providers,Service,,,
PH-2400.2000,Foster Parent/Family Recruitment,Service,,,
LR-8000,Speech and Hearing,Service,,,
BM-6500.1500-120,Children's Clothing,Service,,,
PH-3300.1800,Errand Running/Shopping Assistance,Service,,,
JP-6500.6615,Pest Information,Service,,,
RR-5150,Mental Health Information/Education,Service,,,
LJ-5000.1900,Doula Services,Service,,,
NL-5000.5000-500,Medicaid Appeals/Complaints,Named Programs,,,
DD-1500.4280-280,Health Maintenance Organization Complaints,Service,,,
TP-5900,Networking/Relationship Building Support,Service,,,
BV-8900.9300-850,Telephone Service Payment Assistance,Service,,,
TP-6500,Organizational Assessment and Evaluation Support,Service,,,
TP-6600,Organizational Planning and Development Support,Service,,,
BT-8750.8500,Tourist Information,Service,,,
BH-1800,Emergency Shelter,Service,,,
FP-4000,Legal Counseling,Modality/Delivery Format,,,
RX-8470.8350,Substance Use Disorder Hotlines,Service,,,
LT-6200.4300,Kidney Transplants,Service,,,
PH-2400.1300,Case/Care Management Referrals,Organization/Facility Type,,,
TI-1800.6500-150,Computer Donation Programs,Service,,,
LT-1750.1550,Cleft Lip/Palate Clinics,Service,,,
FL,Law Enforcement Agencies,Organization/Facility Type,,,
RP-1500.1400-260,GLBTQ Helplines,Service,,,
JR-8200.9500-800,Swimming Safety Education,Service,,,
JR-8200.9500-450,Lifeguard Training,Service,,,
RP-1400.8000-145,Caregiver Counseling,Service,,,
LT-3400.2000,Flu Vaccines,Service,,,
JP-6500,Public Health Information/Inspection/Remediation,Service,,,
BM-6000.1500,Computer Distribution Programs,Service,,,
LH-0350,Aging and Disability Resource Centers,Named Programs,,,
RF-8380,Talklines/Warmlines,Modality/Delivery Format,,,
LH-0650.0325,Assistive Technology Equipment Repair,Modality/Delivery Format,,,
BH-1800.1500-330,Immigrant/Refugee Shelters,Organization/Facility Type,,,
PN-8100.4500-850,Veteran Support Groups,Organization/Facility Type,,,
FC-8200.8100-500,Mental Health Courts,Organization/Facility Type,,,
RP-6400,Psychiatric Services,Service,,,
ND-6500.8000,Senior Community Service Employment Programs,Named Programs,,,
ND-9200.8000-800,Senior Companion Program,Named Programs,,,
ND-2000,Employment Preparation,Service,,,
TN-1000.1500,Chambers of Commerce,Organization/Facility Type,,,
FT-3000,Family Law,Service,,,
FT-2450,Elder Law,Service,,,
FT-1000,Benefits Assistance,Service,,,
BT-8300.0900,Automobile Payment Assistance,Service,,,
BT-8300.0850,Automobile Insurance Payment Assistance,Service,,,
BV-8900.9300-250,Gas Service Payment Assistance,Service,,,
HH-0500.1600,Continuing Education,Service,,,
LF-4900.4000,Kidney Screening,Service,,,
PL-7600.9200-200,Day Cruises,Service,,,
PH-6300.8500,Therapeutic Foster Homes,Organization/Facility Type,,,
HD-6500.6600-550,Private All Grade Day Schools,Organization/Facility Type,,,
LH-5100.1700,Dental Care Expense Assistance,Service,,,
PS-8200.0550-650,Painting/Drawing Clubs,Organization/Facility Type,,,
LH-0500.0900-600,Plasma Donation Centers,Organization/Facility Type,,,
FT-8100,Small Claims Advisory Programs,Service,,,
PH-2360,Family Based Services,Service,,,
PH-2200,Escort Programs,Service,,,
PH-7000.3300-140,Children's In Home Respite Care,Service,,,
RP-6400.0200,Adult Psychiatry,Service,,,
LV-3300.2800,Gastroenterology,Service,,,
TH-2600.1850,Disaster Unemployment Assistance,Service,,,
HL-8500,Test Preparation,Service,,,
PH-2360.8000,School Based Integrated Services,Service,,,
PN-8100.0200-800,Sexual Assault/Incest Support Groups,Organization/Facility Type,,,
FT-2700.4400,Life Care Planning,Service,,,
LD-8450,Trauma Care,Service,,,
RP-6400.8000-330,Integrated Dual Diagnosis Treatment,Service,,,
PH-2400.1500,Child Care Provider Referrals,Service,,,
PH-1400.5000-050,Adult Mentoring Programs,Service,,,
FF-1500.8200,State Prisons,Organization/Facility Type,,,
RP-1400.8000-260,Gender Identity Counseling,Service,,,
PH-6100.3400,Infant Massage Instruction,Service,,,
LJ-5000.1500-650,Prepared Childbirth,Service,,,
LJ-5000.1500-900,Vaginal Birth After Cesarean Classes,Service,,,
RP-1500.1500,Crisis Residential Treatment,Service,,,
RX-8450.5000-600,Naltrexone Based MAT Programs,Service,,,
HH-8000.8000,Special Education Classes/Centers,Organization/Facility Type,,,
HH-8000.6000-650,Private Special Day Schools,Organization/Facility Type,,,
LF-4900.0450,Allergy Testing,Service,,,
RM-7000.1500,Children's/Adolescent Residential Treatment Facilities,Organization/Facility Type,,,
PH-6300.2500,Group Homes for Dependent Children,Organization/Facility Type,,,
FT-3000.1640,Comprehensive Family Law Services,Service,,,
HD-6500.6500-550,Parochial Elementary Schools,Organization/Facility Type,,,
JR-8200.6500-030,Active Shooter Incident Preparedness Information,Service,,,
NL-1000.8100-800,SSI Appeals/Complaints,Named Programs,,,
NS-1800.8000-800,Social Security Disability Insurance Appeals/Complaints,Named Programs,,,
FT-2700.1700,Durable Power of Attorney for Asset Management,Service,,,
FT-2700.8600,Trust Preparation Assistance,Service,,,
FT-2700.9500,Will Preparation Assistance,Service,,,
PH-6200.4550,Life Coaching,Service,,,
HL-2500.1500,College/University Entrance Support,Service,,,
BH-1800.8500-185,Extreme Cold Weather Shelters,Organization/Facility Type,,,
BM-6500.6500-150,Bathing Facilities,"Public or private organizations that provide showers, baths or o",,,
BM-6500.6500-450,Laundry Facilities,Organization/Facility Type,,,
HL-8000.8100,Student Loans,Service,,,
RX-1750.2000,First Offender DUI Programs,Service,,,
TH-2900.6800,Post Disaster Legal Counseling Services,Service,,,
LT-9500,Weight Management,Service,,,
ND-3400.9500,Youth Job Development,Service,,,
TJ-3200.2500-850,311 Services,Service,,,
NS-8000.9000-750,TRICARE Extra,Named Programs,,,
RX-1700,Detoxification,Service,,,
LT-3000,Hospice Care,Service,,,
TH-2900.1750,Disaster Loans,Service,,,
RM-3300,Inpatient Mental Health Facilities,Organization/Facility Type,,,
TJ-3200.2500,Government Information Lines,Service,,,
LJ-5000.1500-070,Birth Orientation Programs,Service,,,
LJ-5000.1500-180,Early Pregnancy Classes,Service,,,
TA-3000.0800,Book Fairs,Service,,,
LT-1750.1680,Delousing/Body Parasite Treatment,Service,,,
BH-3900,Housing Search and Information,Service,,,
LT-2800.9000,Visiting Physician Services,Service,,,
TH-1500.2000,Federal Emergency Management Agency Offices,Named Programs,,,
BH-0500,At Risk/Homeless Housing Related Assistance Programs,Service,,,
RP-6400.1900,Eating Disorders Treatment,Service,,,
LN-9000,Veteran Outpatient Clinics,Organization/Facility Type,,,
BV-8950.1800-190,Electric Service Maintenance/Repair,Service,,,
PH-6200.1800,Death and Dying,Service,,,
BH-3800,Housing Expense Assistance,Service,,,
BH-8500,Supportive Housing Placement/Referral,Service,,,
FT-3600.6000-150,Citizenship Assistance Centers,Organization/Facility Type,,,
TJ-5500.8500-450,Local Broadcast Television Stations,Organization/Facility Type,,,
NL-3000.1900,Family Caregiver Subsidies,Service,,,
BT-8300.1000-450,Long Distance Bus Fare,Service,,,
BT-8300.1000-400,Local Bus Fare,Service,,,
BT-8300.2500,Gas Money,Service,,,
HL-8120.7980,Student Disability Services,Service,,,
BM-3000.2000-250,General Furniture Provision,Service,,,
FT-9400,Wage Garnishment Assistance,Service,,,
TQ-1500,Community Involvement Programs,Service,,,
PN-8100.4500-200,Emotions Anonymous Support Groups,Organization/Facility Type,,,
RP-1400.8000,Specialized Counseling Services,Service,,,
BD-1875.2000,Food Banks/Food Distribution Warehouses,Organization/Facility Type,,,
LR-0450,Autism Therapy,Service,,,
LR-6400,Orientation and Mobility Training,Service,,,
TH-2600.1550,Disaster Related Clothing/Emergency Supplies,Service,,,
TH-2600.6450-195,Disaster Related Drinking Water,Service,,,
PL-6400.7000-250,Gymnasiums,Organization/Facility Type,,,
LR-1570.8500,Stroke Rehabilitation,Service,,,
TD-1600.1770,Education Advocacy Groups,Organization/Facility Type,,,
TD-1600.3100-950,Women's Advocacy Groups,Organization/Facility Type,,,
LV-3300.5000,Medical Oncology,Service,,,
LV-1800,Dermatology,Service,,,
LV-6400,Otolaryngology,Service,,,
LV-3300.1500,Cardiovascular Medicine,Service,,,
LT-3500,Intravenous Medication,Service,,,
LV-3300.6000,Nephrology,Service,,,
LJ-5000.1700-320,Hospital Delivery,Service,,,
LV-6700,Pathology and Laboratory Medicine,Service,,,
LV-8300.9000,Urology,Service,,,
LH-0600.6500-650,Orthopedic/Orthotic Devices,Service,,,
LH-2700.2500,General Health Education Programs,Service,,,
LV-2400.6350,Optometry,Service,,,
LR-8000.0500-030,Audiological Evaluations,Service,,,
LH-6700.6300,Prescription Drug Patient Assistance Programs,Service,,,
LV-1600.1300-150,Dental Sealants,Service,,,
LV-1600.1750-170,Dentures,Service,,,
LV-1600.1500,Cosmetic Dentistry,Service,,,
LV-1600.6400,Pediatric Dentistry,Service,,,
TP-6500.1800-700,Program Evaluation,Service,,,
DD-1500.8700,Swimming Pool Complaints,Service,,,
JD-6500.9500,Water Quality Assurance,Service,,,
JR-8000.6400-100,Beach Closures/Water Contact Advisories,Service,,,
DD-1500.8850,Tanning Facility Complaints,Service,,,
DD-1500.5900,Mobile Home Complaints,Service,,,
LF-4900.2145,Hearing Aid Evaluations,Service,,,
LH-3500.0200-200,Federal Health Insurance Marketplace Call Center/Website,Service,,,
PB-0900,Burial/Cremation Expense Assistance,Service,,,
FN-1500.8100,Self Defense Training,Service,,,
LR-0450.0550,Auditory Integration Training,Service,,,
LR-6200.8000,Sensory Integration Therapy,Service,,,
LR-8000.0500-050.10,Auditory/Verbal Training,Service,,,
LT-9500.9550-100,Clinical Weight Loss Programs,Service,,,
FF-3300.3400,Inmate Social Service Programs,Service,,,
TD-1600.1530-140,Criminal Offender Rights Groups,Organization/Facility Type,,,
HL-2500.1800,Educational Therapy,Service,,,
RP-1500.1400-150,Child Abuse Hotlines,Service,,,
FL-8200,Sheriff,Organization/Facility Type,,,
BM-6500.1500-500,Maternity Clothing,Service,,,
TI-1800.1500-100,Baby Clothing/Diaper Donation Programs,Service,,,
HL-2500.2900,Higher Education Awareness/Support Programs,Service,,,
FL-2000,Federal Bureau of Investigation,Named Programs,,,
LR-6400.1500,Cane Skills Instruction,Service,,,
LH-0600.5000-100,Blind Mobility Aids,Service,,,
LH-5100.1750,Eye Care Expense Assistance,Service,,,
T,Organizational/Community/International Services,Service,,,
TP-2100,Financial Management Support,Service,,,
BM-6500.1500-050,Adapted Clothing,Service,,,
TM-5200,Military Transition Assistance Programs,Service,,,
LJ-2000.3300,Infertility Services,Service,,,
FT-1800.1850,Employment Discrimination Assistance,Service,,,
JP-6500.6500-100,Bee Control,Service,,,
LR-3100.1800-050,Adult Development Centers,Organization/Facility Type,,,
LF-8000.5250,Endoscopy,Service,,,
LT-3200,Hyperbaric Chambers,Service,,,
LH-6300.6400,Pastoral Care,Service,,,
PL-7000.5800-400,Karate,Service,,,
RX-8470.8600-050,Alcohol Use Disorder Referrals,Service,,,
RX-8470.8600-180,Drug Use Disorder Referrals,Service,,,
TN-5000.6300,Nursing Associations,Organization/Facility Type,,,
FT-3600.6500,Relief from Removal/Other Immigration Relief,Service,,,
ND-1600.9500,Work Permits,Service,,,
PS-9800.9800,Youth Community Service Programs,Service,,,
ND-2000.3500-630,On the Job Training,Modality/Delivery Format,,,
LH-6300.2400,Health Care Discount Enrollment Programs,Service,,,
LT-6600,Pain Management,Service,,,
LH-2700.2000,First Aid Instruction,Service,,,
PH-6200,Personal Enrichment,Service,,,
PL-7400.6500,Parent/Child Instruction,Service,,,
PS-3300,Intergenerational Programs,Service,,,
PS-6500,Parent/Child Activity Groups,Service,,,
PS-8200.2350,Gay Straight Alliances,Organization/Facility Type,,,
JP-6500.6500-500,Mosquito Control,Service,,,
NL,Public Assistance Programs,Service,,,
PH-6200.1700,Cultural Awareness/Competencies Training,Service,,,
FN-1500.1550,Community Crime Prevention Programs,Service,,,
FN-1500.1700-670,Personal Property Identification Registries,Service,,,
DT-8700.6500,Property Tax Information,Service,,,
DT-8700.1000,Business Tax Information,Service,,,
DF-7000.5500,Motor Vehicle Registration,Service,,,
DF-7000.6550-170,Disability Parking Permits,Service,,,
JR-8200.3000,Household Safety Programs,Service,,,
NS-4500.9000,Veteran Life Insurance,Named Programs,,,
TJ-3200.4500,Legal Information Lines,Service,,,
RP-1400.8000-670,Premarital Counseling,Service,,,
LH-2700.6350,Oral Health Education/Information,Service,,,
LT-1750.3500,Incontinence Management Programs,Service,,,
TI-1800.3000,Household Goods Donation Programs,Service,,,
TI-1800.9000-050,Automobile Donation Programs,Service,,,
PN-8100.1000-180,Disaster Related Bereavement Support Groups,Organization/Facility Type,,,
PN-8100.1000-300,Homicide Survivors Support Groups,Organization/Facility Type,,,
TH-2600.6450-170,Disaster Food Stamps,Service,,,
LH-3500.0200-800,Small Business Health Options Programs,Service,,,
FT-3600.6250-860,Transit Visas,Service,,,
BH-3500.3400,Home Purchase/Mortgage Refinance Loans,Service,,,
PH-6000.8500,Therapeutic Visitation,Service,,,
NL-5000.5000-800.30,Home/Community Based Care Waiver Programs,Named Programs,,,
PL-6600.9450,Walking Programs,Service,,,
PX-0400.1000,Board/Committee Member Volunteer Opportunities,Service,,,
TI-1800.1500,Clothing Donation Programs,Service,,,
TB-8700,Tourism Development,Service,,,
PH-3300.2750-800,Storm Window/Shutter Installation/Removal,Service,,,
FF-0500.6530,Prison Boot Camps,Organization/Facility Type,,,
FF-0500,Alternative Sentencing/Supervision,Service,,,
LR-6400.8000,Sighted Guide Skills Instruction,Service,,,
JR-8200.2100,Firearm Safety Education,Service,,,
JR-8200.8500-180,Driving Safety Education,Service,,,
LT-0500.5800,Native American Traditional Healing,Service,,,
JD-2000.1500,Community/Nature Area Cleanup/Enhancement Projects,Service,,,
LT-0500.8000,Spiritual Healing,Service,,,
FC-8200.8100-650,Probate Courts,Organization/Facility Type,,,
FT-2700,Estate Planning Assistance,Service,,,
RP,Mental Health Assessment and Treatment,Service,,,
DD-1500.1055,Body Artist Complaints,Service,,,
HH-3000,Homeless School Transition Programs,Service,,,
BH-3000.1800-950,Weatherization Programs,Service,,,
LH-6300.4140,Hospital Admissions Departments,Organization/Facility Type,,,
ND-2000.3480,Job Retraining,Service,,,
FN-1500.2570,Identity Theft Prevention,Service,,,
FN-1700.3200,Identity Theft Reporting/Recovery Programs,Service,,,
TM-0500,Armed Forces Emergency Services,Service,,,
TH-2600.1800,Disaster Survivor Inquiries,Service,,,
TL-3650.2000-300,Foreign Disaster Welfare Inquiries,Service,,,
PH-0300.0460,Adoption Related Fingerprinting,Service,,,
FN-1500.1955,Firearm Permit Fingerprinting,Service,,,
BH-1800.1500,Crisis Shelter,Service,,,
HD-8000.1800-400,Kindergartens,Organization/Facility Type,,,
NL-1000.8100-820,SSI Applications,Named Programs,,,
PH-6100.1800-650,New Dad Parenting Programs,Service,,,
PH-1400.4500,Live In Companions,Service,,,
RP-1400.8000-300,Health/Disability Related Counseling,Service,,,
PH-0320.3300,In Home Adult Day Programs,Service,,,
HL-2500.8100,Study Skills Assistance,Service,,,
HL-8500.1500,College/University Entrance Examination Preparation,Service,,,
LH-2700.6500,Poison Control,Service,,,
BH-7000.4600-800,Single Room Occupancy Housing,Organization/Facility Type,,,
BH-3900.3050-440,Low Cost Home Rental Listings,Service,,,
BH-1800.1500-080,Domestic Violence Motel Vouchers,Service,,,
LV-1600.1300-200,Fluoride Treatments/Supplements,Service,,,
RX-1750.5000,Multiple Offender DUI Programs,Service,,,
LV-1600.6300,Oral/Maxillofacial Surgery,Service,,,
LV-1600.6500,Periodontics,Service,,,
LV-1600.6350,Orthodontics,Service,,,
LV-1600.1750-110,Dental Bridges,Service,,,
LV-1600.1750-140,Dental Implants,Service,,,
LV-1600.1980,Endodontics,Service,,,
BH-7000.8100-300,Limited Equity Housing Cooperatives,Organization/Facility Type,,,
LH-2600.2000-600,Ophthalmology Referrals,Service,,,
LJ-5000.1500-800,Sibling Birth Preparation Programs,Service,,,
TQ-1800.8800,Voter Registration Drives,Service,,,
DD-1500.7230-700,Psychiatrist Complaints,Service,,,
DD-1500.7230-720,Psychologist Complaints,Service,,,
TJ-3200.2500-200,Federal Government Information Lines,Service,,,
TJ-3200.2500-800,State Government Information Lines,Service,,,
JD-1500.5000-500,Marine Mammal Protection,Service,,,
FF-1500.3300,Immigration Detention Centers,Organization/Facility Type,,,
DD-1500.7200,Postal Service Complaints,Service,,,
FN-1700.6500,Postal Crime Reporting,Service,,,
LV-8000,Sports Medicine,Service,,,
TN-1000,Business Associations,Organization/Facility Type,,,
JR-8200.3000-650,Poison Safety Education,Service,,,
PL-7000.1600-800,Sailing,Service,,,
TJ-6500.9500,Workshops/Symposiums,Service,,,
TH-2900.1800-180,Disaster Recovery Centers,Organization/Facility Type,,,
FN-1700.6300,Non-Emergency Crime Reporting,Service,,,
TB-1500,Community Development Corporations,Organization/Facility Type,,,
LT-6650,Palliative Care,Service,,,
FC-8200.3500,Juvenile Courts,Organization/Facility Type,,,
PL-7000.1600,Boating,Service,,,
FC-8200.8100,Specialized State Courts,Organization/Facility Type,,,
FJ-1600.6500,Probate Petition Filing Offices,Organization/Facility Type,,,
FJ-6350,Pretrial Service Agencies,Organization/Facility Type,,,
FF-0500.6550,Probation,Service,,,
FJ-6500,Process Services,Service,,,
TD-6600.4500-150,County Board of Supervisors Offices,Organization/Facility Type,,,
HH-9000.7500,School to Work Programs,Service,,,
HD-6000.6200-500,Nursing Schools,Organization/Facility Type,,,
PS-9800.9650,Y Facilities,Organization/Facility Type,,,
LV-6800.6550,Pediatric Cardiology,Service,,,
BM-1700,Discount Programs,Service,,,
BM-3000,Household Goods,Service,,,
LT-2800.3100,Home Nursing,Service,,,
LF-8000.5100,Electrocardiography,Service,,,
FR-4500.1500,Citizen Police Academies,Service,,,
FN-1500.8150,Sexual Assault Prevention,Service,,,
HD-6000.1500,Community Colleges,Organization/Facility Type,,,
TI-1800.5000-300,Hearing Augmentation Aid Donation Programs,Service,,,
BD-5000.0200,After School Meal Programs,Service,,,
LV-8300.6550,Plastic/Reconstructive Surgery,Service,,,
BT-4800.0500,Air Transportation,Service,,,
NL-1000.8500-850,TANF Applications,Named Programs,,,
DM-4000,Loan Counseling,Service,,,
LR-3100.1750,Day Treatment for Adults With Developmental Disabilities,Service,,,
TA-0400.0350,Artist Communities,Organization/Facility Type,,,
TN-0400,Arts Associations,Organization/Facility Type,,,
PL-7400.0700-080,Art Appreciation,Service,,,
PL-7000.1800,Bowling,Service,,,
TB-0900.0650-500,Microenterprise Development/Support,Service,,,
FN-1700.8400,Tax Fraud Reporting,Service,,,
NS-1800.9000-960,Veteran Pension Program,Named Programs,,,
PH-6300.3500,Kinship Care,Service,,,
LF-4900.2050,Geriatric Assessment,Service,,,
BH-3000.3550-390,Home Rehabilitation Services,Service,,,
PH-3300.2750-250,General Minor Home Repair Programs,Service,,,
BH-3000.4500,Landscaping Services,Service,,,
HL-8000.8200,Stipends for Student Living Expenses,Service,,,
ND-6500.9800-250,General Youth Employment Programs,Service,,,
DF-4500.2000-130,Child Care Provider Licensing,Service,,,
BH-3700.6500,Predatory Lending Awareness Programs,Service,,,
PL-7000.4000,Fishing,Service,,,
PL-7000.4400,Golf,Service,,,
FL-7900,School District Police,Organization/Facility Type,,,
HD-1800.6500-870,Special Preschools,Organization/Facility Type,,,
PH-3500,Interpretation/Translation,Service,,,
LT-0500.3100,Holistic Health Care,Service,,,
PL-7000.3150-050,Adapted Sports/Games,Service,,,
RM-6500.2000,Family Counseling Agencies,Organization/Facility Type,,,
LH-0600.6500-700,Prosthetic Devices,Service,,,
TM-5175,Military Service Branches,Organization/Facility Type,,,
NS-8000.9000,Veteran/Military Health Insurance,Named Programs,,,
TM-5175.5800,National Guard,Organization/Facility Type,,,
BM-6500.1500-850,Underwear/Sleepwear,Service,,,
LH-2700.3000,Hygiene,Service,,,
PH-3500.8500,Telecommunication Relay Services,Service,,,
TD-6600.4500-160,County Clerk of the Courts Offices,Organization/Facility Type,,,
PN-8100.6500-030,Adoption and Foster/Kinship Care Support Groups,Organization/Facility Type,,,
HH-9000.3000,High School Vocational Education Courses,Service,,,
HH-9000.9000,Vocational/Trade High Schools,Organization/Facility Type,,,
ND-6500.9600,WIOA Programs,Named Programs,,,
FN-1900.0500,Crime Victim Accompaniment Services,Service,,,
RD-1800,Dialectical Behavior Therapy,Service,,,
RP-8000.1950,Eye Movement Desensitization and Reprocessing,Service,,,
TJ-1550,Charity Information,Service,,,
FC-8000,State Supreme Court,Named Programs,,,
PL-6600,Physical Fitness,Service,,,
DT-8700.4500,Local Income Tax Information,Service,,,
TA-3000.4500,Local History Programs,Service,,,
TA-2000,Film Presentations,Service,,,
TB-0700.2200-700,Research Funds,Service,,,
JR-8200.8500-150,Child Passenger Safety Education,Service,,,
LL-3000,Hospitals,Organization/Facility Type,,,
HL-3010.3300,Instructional Materials,Service,,,
PS-9800.9750,Youth Citizenship Programs,Service,,,
RX-0400.8200,Substance Use Disorder Treatment Orders,Service,,,
RX-8450.6600-600,Perinatal Alcohol Use Disorder Treatment,Service,,,
TB,Community Economic Development and Finance,Service,,,
PL-6400.1300,Botanical Gardens/Arboreta,Organization/Facility Type,,,
ND-6500.9800,Youth Employment Programs,Service,,,
TC-5500.9800,Youth Centers,Organization/Facility Type,,,
BH-3900.3050,Home Rental Listings,Service,,,
LF-4900.6500-100,Bone Mineral Density Tests,Service,,,
LR-8000.0500,Audiology,Service,,,
FL-5000,Marshals Offices,Organization/Facility Type,,,
ND-2000.1500-120,Career Awareness,Service,,,
LH-2700.9500,Wellness Programs,Service,,,
LF-4900.1650,Dementia Evaluation,Service,,,
LF-4900.5000,Memory Screening,Service,,,
TA-5500.3000-300,Historic House Museums,Organization/Facility Type,,,
TB-0900,Business Development,Service,,,
LR-1570.0500,Amputee Rehabilitation,Service,,,
LR-1570.8400,Spinal Cord Rehabilitation,Service,,,
LT-1750.0600,Arthritis Treatment Centers,Service,,,
DF-7000,Records/Licenses/Permits,Service,,,
RD-1000,Behavioral Learning Therapy,Service,,,
TB-0900.1000-800,Small Business Financing,Service,,,
FL-3000,Highway Patrol,Organization/Facility Type,,,
LJ-5000.5250,Midwifery,Service,,,
LJ-5000.1700-050,Birthing Centers,Organization/Facility Type,,,
TH-2100,Disaster Warnings,Service,,,
HL-8000.2000,Fellowships,Service,,,
RX-8470.8200-180,Drug Related Crisis Intervention,Service,,,
LF-4900.1200,Brain Injury Assessment,Service,,,
RP-8000.1500,Critical Incident Stress Debriefing,Service,,,
LV-3300.3150,Infectious Disease Specialty,Service,,,
JP-1500.1700-980,Zika Virus Control,Service,,,
DD-1500.8000,School Complaints,Service,,,
JP-6500.6650,Public Facility Health Inspection,Service,,,
JR-8000.9500,Weather Reports,Service,,,
TH-2100.9500,Weather Advisories,Service,,,
TN-5000.1900,Dietitian Associations,Organization/Facility Type,,,
FC-8200.8100-920,Veterans Courts,Service,,,
TB-1100.2500,Graphic/Digital Design Services,Service,,,
PL-7400.6000-200,Fashion Design Instruction,Service,,,
HH-1700,Dual Enrollment Programs,Service,,,
LT-2800.3100-730,Rehabilitation/Restorative Home Nursing,Service,,,
LT-2800.3100-500,Medical/Surgical Home Nursing,Service,,,
LF-4900.1500-160,Colorectal Cancer Detection,Service,,,
LT-3400.3100,HPV Immunizations,Service,,,
RP-1400.8000-655,Perinatal/Postpartum Depression Counseling,Service,,,
LH-6300.0230,Adolescent Health Transition Programs,Service,,,
LJ-2000.1000-600,Natural Family Planning,Service,,,
LT-8950,Transgender Hormone Therapy,Service,,,
FL-1500,College/University Campus Police,Organization/Facility Type,,,
TB-3000.1400,Community Housing Development Organizations,Organization/Facility Type,,,
LT-2800.3100-630,Private Duty Home Nursing,Service,,,
LT-2800.3100-600,Pediatric Home Nursing,Service,,,
ND-6500.1950,Ex-Offender Employment Programs,Service,,,
LF-4900.2000-250,Glaucoma Screening,Service,,,
LV-2400.6300-220,General Ophthalmology,Service,,,
FC-8200.8100-800,Small Claims Courts,Organization/Facility Type,,,
LV-1600.5000,Mobile Dental Care,Service,,,
ND-6500.9800-850,Summer Youth Employment Programs,Named Programs,,,
RX-1700.0500-650,Outpatient Medically Assisted Alcohol Detoxification,Service,,,
BT-8750.1800,Emergency Road Service,Service,,,
BD-1800.8000,Sack Lunches/Dinners,Service,,,
LH-2700.2000-250,General First Aid Instruction,Service,,,
RF-3400,Internet Counseling,Modality/Delivery Format,,,
PB-5000.2300,Funeral Services,Service,,,
PL-6600.3550,Jogging,Service,,,
TB-0700.2050-110,Bill Payment Locations,Organization/Facility Type,,,
LT-0500.0500,Acupuncture,Service,,,
PH-2360.1500,Child Care Mental Health Consultation Programs,Service,,,
DF-7020.3300,Identification Card Fee Payment Assistance,Service,,,
TR-8000.1900,Education Research,Service,,,
RX-8500.6500,Recovery Homes/Halfway Houses,Organization/Facility Type,,,
PH-2950.1750-220,Easter Events,Service,,,
PL-7000.8900-450,Lacrosse,Service,,,
PL-7200.5000,Musical Instruments,Service,,,
